solid cap_concept
facet normal 0.000000 0.000000 1.000000
 outer loop
  vertex 0.000000 0.000000 0.000000
  vertex 43.000000 0.000000 0.000000
  vertex 42.867445 3.373741 0.000000
 endloop
endfacet
facet normal -0.999229 -0.039260 0.000000
 outer loop
  vertex 43.000000 0.000000 0.000000
  vertex 43.000000 0.000000 10.000000
  vertex 42.867445 3.373741 10.000000
 endloop
endfacet
facet normal -0.999229 -0.039260 0.000000
 outer loop
  vertex 43.000000 0.000000 0.000000
  vertex 42.867445 3.373741 10.000000
  vertex 42.867445 3.373741 0.000000
 endloop
endfacet
facet normal 0.000000 0.000000 -1.000000
 outer loop
  vertex 43.000000 0.000000 10.000000
  vertex 40.000000 0.000000 10.000000
  vertex 39.876693 3.138364 10.000000
 endloop
endfacet
facet normal 0.000000 0.000000 -1.000000
 outer loop
  vertex 43.000000 0.000000 10.000000
  vertex 39.876693 3.138364 10.000000
  vertex 42.867445 3.373741 10.000000
 endloop
endfacet
facet normal 0.999229 0.039260 0.000000
 outer loop
  vertex 40.000000 0.000000 10.000000
  vertex 40.000000 0.000000 3.000000
  vertex 39.876693 3.138364 3.000000
 endloop
endfacet
facet normal 0.999229 0.039260 0.000000
 outer loop
  vertex 40.000000 0.000000 10.000000
  vertex 39.876693 3.138364 3.000000
  vertex 39.876693 3.138364 10.000000
 endloop
endfacet
facet normal 0.000000 0.000000 -1.000000
 outer loop
  vertex 40.000000 0.000000 3.000000
  vertex 0.000000 0.000000 3.000000
  vertex 39.876693 3.138364 3.000000
 endloop
endfacet
facet normal 0.000000 0.000000 1.000000
 outer loop
  vertex 0.000000 0.000000 0.000000
  vertex 42.867445 3.373741 0.000000
  vertex 42.470599 6.726682 0.000000
 endloop
endfacet
facet normal -0.993068 -0.117537 0.000000
 outer loop
  vertex 42.867445 3.373741 0.000000
  vertex 42.867445 3.373741 10.000000
  vertex 42.470599 6.726682 10.000000
 endloop
endfacet
facet normal -0.993068 -0.117537 0.000000
 outer loop
  vertex 42.867445 3.373741 0.000000
  vertex 42.470599 6.726682 10.000000
  vertex 42.470599 6.726682 0.000000
 endloop
endfacet
facet normal 0.000000 0.000000 -1.000000
 outer loop
  vertex 42.867445 3.373741 10.000000
  vertex 39.876693 3.138364 10.000000
  vertex 39.507534 6.257379 10.000000
 endloop
endfacet
facet normal 0.000000 0.000000 -1.000000
 outer loop
  vertex 42.867445 3.373741 10.000000
  vertex 39.507534 6.257379 10.000000
  vertex 42.470599 6.726682 10.000000
 endloop
endfacet
facet normal 0.993068 0.117537 0.000000
 outer loop
  vertex 39.876693 3.138364 10.000000
  vertex 39.876693 3.138364 3.000000
  vertex 39.507534 6.257379 3.000000
 endloop
endfacet
facet normal 0.993068 0.117537 0.000000
 outer loop
  vertex 39.876693 3.138364 10.000000
  vertex 39.507534 6.257379 3.000000
  vertex 39.507534 6.257379 10.000000
 endloop
endfacet
facet normal 0.000000 0.000000 -1.000000
 outer loop
  vertex 39.876693 3.138364 3.000000
  vertex 0.000000 0.000000 3.000000
  vertex 39.507534 6.257379 3.000000
 endloop
endfacet
facet normal 0.000000 0.000000 1.000000
 outer loop
  vertex 0.000000 0.000000 0.000000
  vertex 42.470599 6.726682 0.000000
  vertex 41.811907 10.038151 0.000000
 endloop
endfacet
facet normal -0.980785 -0.195090 0.000000
 outer loop
  vertex 42.470599 6.726682 0.000000
  vertex 42.470599 6.726682 10.000000
  vertex 41.811907 10.038151 10.000000
 endloop
endfacet
facet normal -0.980785 -0.195090 0.000000
 outer loop
  vertex 42.470599 6.726682 0.000000
  vertex 41.811907 10.038151 10.000000
  vertex 41.811907 10.038151 0.000000
 endloop
endfacet
facet normal 0.000000 0.000000 -1.000000
 outer loop
  vertex 42.470599 6.726682 10.000000
  vertex 39.507534 6.257379 10.000000
  vertex 38.894797 9.337815 10.000000
 endloop
endfacet
facet normal 0.000000 0.000000 -1.000000
 outer loop
  vertex 42.470599 6.726682 10.000000
  vertex 38.894797 9.337815 10.000000
  vertex 41.811907 10.038151 10.000000
 endloop
endfacet
facet normal 0.980785 0.195090 0.000000
 outer loop
  vertex 39.507534 6.257379 10.000000
  vertex 39.507534 6.257379 3.000000
  vertex 38.894797 9.337815 3.000000
 endloop
endfacet
facet normal 0.980785 0.195090 0.000000
 outer loop
  vertex 39.507534 6.257379 10.000000
  vertex 38.894797 9.337815 3.000000
  vertex 38.894797 9.337815 10.000000
 endloop
endfacet
facet normal 0.000000 0.000000 -1.000000
 outer loop
  vertex 39.507534 6.257379 3.000000
  vertex 0.000000 0.000000 3.000000
  vertex 38.894797 9.337815 3.000000
 endloop
endfacet
facet normal 0.000000 0.000000 1.000000
 outer loop
  vertex 0.000000 0.000000 0.000000
  vertex 41.811907 10.038151 0.000000
  vertex 40.895430 13.287731 0.000000
 endloop
endfacet
facet normal -0.962455 -0.271440 0.000000
 outer loop
  vertex 41.811907 10.038151 0.000000
  vertex 41.811907 10.038151 10.000000
  vertex 40.895430 13.287731 10.000000
 endloop
endfacet
facet normal -0.962455 -0.271440 0.000000
 outer loop
  vertex 41.811907 10.038151 0.000000
  vertex 40.895430 13.287731 10.000000
  vertex 40.895430 13.287731 0.000000
 endloop
endfacet
facet normal 0.000000 0.000000 -1.000000
 outer loop
  vertex 41.811907 10.038151 10.000000
  vertex 38.894797 9.337815 10.000000
  vertex 38.042261 12.360680 10.000000
 endloop
endfacet
facet normal 0.000000 0.000000 -1.000000
 outer loop
  vertex 41.811907 10.038151 10.000000
  vertex 38.042261 12.360680 10.000000
  vertex 40.895430 13.287731 10.000000
 endloop
endfacet
facet normal 0.962455 0.271440 0.000000
 outer loop
  vertex 38.894797 9.337815 10.000000
  vertex 38.894797 9.337815 3.000000
  vertex 38.042261 12.360680 3.000000
 endloop
endfacet
facet normal 0.962455 0.271440 0.000000
 outer loop
  vertex 38.894797 9.337815 10.000000
  vertex 38.042261 12.360680 3.000000
  vertex 38.042261 12.360680 10.000000
 endloop
endfacet
facet normal 0.000000 0.000000 -1.000000
 outer loop
  vertex 38.894797 9.337815 3.000000
  vertex 0.000000 0.000000 3.000000
  vertex 38.042261 12.360680 3.000000
 endloop
endfacet
facet normal 0.000000 0.000000 1.000000
 outer loop
  vertex 0.000000 0.000000 0.000000
  vertex 40.895430 13.287731 0.000000
  vertex 39.726820 16.455388 0.000000
 endloop
endfacet
facet normal -0.938191 -0.346117 0.000000
 outer loop
  vertex 40.895430 13.287731 0.000000
  vertex 40.895430 13.287731 10.000000
  vertex 39.726820 16.455388 10.000000
 endloop
endfacet
facet normal -0.938191 -0.346117 0.000000
 outer loop
  vertex 40.895430 13.287731 0.000000
  vertex 39.726820 16.455388 10.000000
  vertex 39.726820 16.455388 0.000000
 endloop
endfacet
facet normal 0.000000 0.000000 -1.000000
 outer loop
  vertex 40.895430 13.287731 10.000000
  vertex 38.042261 12.360680 10.000000
  vertex 36.955181 15.307337 10.000000
 endloop
endfacet
facet normal 0.000000 0.000000 -1.000000
 outer loop
  vertex 40.895430 13.287731 10.000000
  vertex 36.955181 15.307337 10.000000
  vertex 39.726820 16.455388 10.000000
 endloop
endfacet
facet normal 0.938191 0.346117 0.000000
 outer loop
  vertex 38.042261 12.360680 10.000000
  vertex 38.042261 12.360680 3.000000
  vertex 36.955181 15.307337 3.000000
 endloop
endfacet
facet normal 0.938191 0.346117 0.000000
 outer loop
  vertex 38.042261 12.360680 10.000000
  vertex 36.955181 15.307337 3.000000
  vertex 36.955181 15.307337 10.000000
 endloop
endfacet
facet normal 0.000000 0.000000 -1.000000
 outer loop
  vertex 38.042261 12.360680 3.000000
  vertex 0.000000 0.000000 3.000000
  vertex 36.955181 15.307337 3.000000
 endloop
endfacet
facet normal 0.000000 0.000000 1.000000
 outer loop
  vertex 0.000000 0.000000 0.000000
  vertex 39.726820 16.455388 0.000000
  vertex 38.313281 19.521591 0.000000
 endloop
endfacet
facet normal -0.908143 -0.418660 0.000000
 outer loop
  vertex 39.726820 16.455388 0.000000
  vertex 39.726820 16.455388 10.000000
  vertex 38.313281 19.521591 10.000000
 endloop
endfacet
facet normal -0.908143 -0.418660 0.000000
 outer loop
  vertex 39.726820 16.455388 0.000000
  vertex 38.313281 19.521591 10.000000
  vertex 38.313281 19.521591 0.000000
 endloop
endfacet
facet normal 0.000000 0.000000 -1.000000
 outer loop
  vertex 39.726820 16.455388 10.000000
  vertex 36.955181 15.307337 10.000000
  vertex 35.640261 18.159620 10.000000
 endloop
endfacet
facet normal 0.000000 0.000000 -1.000000
 outer loop
  vertex 39.726820 16.455388 10.000000
  vertex 35.640261 18.159620 10.000000
  vertex 38.313281 19.521591 10.000000
 endloop
endfacet
facet normal 0.908143 0.418660 0.000000
 outer loop
  vertex 36.955181 15.307337 10.000000
  vertex 36.955181 15.307337 3.000000
  vertex 35.640261 18.159620 3.000000
 endloop
endfacet
facet normal 0.908143 0.418660 0.000000
 outer loop
  vertex 36.955181 15.307337 10.000000
  vertex 35.640261 18.159620 3.000000
  vertex 35.640261 18.159620 10.000000
 endloop
endfacet
facet normal 0.000000 0.000000 -1.000000
 outer loop
  vertex 36.955181 15.307337 3.000000
  vertex 0.000000 0.000000 3.000000
  vertex 35.640261 18.159620 3.000000
 endloop
endfacet
facet normal 0.000000 0.000000 1.000000
 outer loop
  vertex 0.000000 0.000000 0.000000
  vertex 38.313281 19.521591 0.000000
  vertex 36.663527 22.467438 0.000000
 endloop
endfacet
facet normal -0.872496 -0.488621 0.000000
 outer loop
  vertex 38.313281 19.521591 0.000000
  vertex 38.313281 19.521591 10.000000
  vertex 36.663527 22.467438 10.000000
 endloop
endfacet
facet normal -0.872496 -0.488621 0.000000
 outer loop
  vertex 38.313281 19.521591 0.000000
  vertex 36.663527 22.467438 10.000000
  vertex 36.663527 22.467438 0.000000
 endloop
endfacet
facet normal 0.000000 0.000000 -1.000000
 outer loop
  vertex 38.313281 19.521591 10.000000
  vertex 35.640261 18.159620 10.000000
  vertex 34.105607 20.899943 10.000000
 endloop
endfacet
facet normal 0.000000 0.000000 -1.000000
 outer loop
  vertex 38.313281 19.521591 10.000000
  vertex 34.105607 20.899943 10.000000
  vertex 36.663527 22.467438 10.000000
 endloop
endfacet
facet normal 0.872496 0.488621 0.000000
 outer loop
  vertex 35.640261 18.159620 10.000000
  vertex 35.640261 18.159620 3.000000
  vertex 34.105607 20.899943 3.000000
 endloop
endfacet
facet normal 0.872496 0.488621 0.000000
 outer loop
  vertex 35.640261 18.159620 10.000000
  vertex 34.105607 20.899943 3.000000
  vertex 34.105607 20.899943 10.000000
 endloop
endfacet
facet normal 0.000000 0.000000 -1.000000
 outer loop
  vertex 35.640261 18.159620 3.000000
  vertex 0.000000 0.000000 3.000000
  vertex 34.105607 20.899943 3.000000
 endloop
endfacet
facet normal 0.000000 0.000000 1.000000
 outer loop
  vertex 0.000000 0.000000 0.000000
  vertex 36.663527 22.467438 0.000000
  vertex 34.787731 25.274766 0.000000
 endloop
endfacet
facet normal -0.831470 -0.555570 0.000000
 outer loop
  vertex 36.663527 22.467438 0.000000
  vertex 36.663527 22.467438 10.000000
  vertex 34.787731 25.274766 10.000000
 endloop
endfacet
facet normal -0.831470 -0.555570 0.000000
 outer loop
  vertex 36.663527 22.467438 0.000000
  vertex 34.787731 25.274766 10.000000
  vertex 34.787731 25.274766 0.000000
 endloop
endfacet
facet normal 0.000000 0.000000 -1.000000
 outer loop
  vertex 36.663527 22.467438 10.000000
  vertex 34.105607 20.899943 10.000000
  vertex 32.360680 23.511410 10.000000
 endloop
endfacet
facet normal 0.000000 0.000000 -1.000000
 outer loop
  vertex 36.663527 22.467438 10.000000
  vertex 32.360680 23.511410 10.000000
  vertex 34.787731 25.274766 10.000000
 endloop
endfacet
facet normal 0.831470 0.555570 0.000000
 outer loop
  vertex 34.105607 20.899943 10.000000
  vertex 34.105607 20.899943 3.000000
  vertex 32.360680 23.511410 3.000000
 endloop
endfacet
facet normal 0.831470 0.555570 0.000000
 outer loop
  vertex 34.105607 20.899943 10.000000
  vertex 32.360680 23.511410 3.000000
  vertex 32.360680 23.511410 10.000000
 endloop
endfacet
facet normal 0.000000 0.000000 -1.000000
 outer loop
  vertex 34.105607 20.899943 3.000000
  vertex 0.000000 0.000000 3.000000
  vertex 32.360680 23.511410 3.000000
 endloop
endfacet
facet normal 0.000000 0.000000 1.000000
 outer loop
  vertex 0.000000 0.000000 0.000000
  vertex 34.787731 25.274766 0.000000
  vertex 32.697457 27.926266 0.000000
 endloop
endfacet
facet normal -0.785317 -0.619094 0.000000
 outer loop
  vertex 34.787731 25.274766 0.000000
  vertex 34.787731 25.274766 10.000000
  vertex 32.697457 27.926266 10.000000
 endloop
endfacet
facet normal -0.785317 -0.619094 0.000000
 outer loop
  vertex 34.787731 25.274766 0.000000
  vertex 32.697457 27.926266 10.000000
  vertex 32.697457 27.926266 0.000000
 endloop
endfacet
facet normal 0.000000 0.000000 -1.000000
 outer loop
  vertex 34.787731 25.274766 10.000000
  vertex 32.360680 23.511410 10.000000
  vertex 30.416239 25.977922 10.000000
 endloop
endfacet
facet normal 0.000000 0.000000 -1.000000
 outer loop
  vertex 34.787731 25.274766 10.000000
  vertex 30.416239 25.977922 10.000000
  vertex 32.697457 27.926266 10.000000
 endloop
endfacet
facet normal 0.785317 0.619094 0.000000
 outer loop
  vertex 32.360680 23.511410 10.000000
  vertex 32.360680 23.511410 3.000000
  vertex 30.416239 25.977922 3.000000
 endloop
endfacet
facet normal 0.785317 0.619094 0.000000
 outer loop
  vertex 32.360680 23.511410 10.000000
  vertex 30.416239 25.977922 3.000000
  vertex 30.416239 25.977922 10.000000
 endloop
endfacet
facet normal 0.000000 0.000000 -1.000000
 outer loop
  vertex 32.360680 23.511410 3.000000
  vertex 0.000000 0.000000 3.000000
  vertex 30.416239 25.977922 3.000000
 endloop
endfacet
facet normal 0.000000 0.000000 1.000000
 outer loop
  vertex 0.000000 0.000000 0.000000
  vertex 32.697457 27.926266 0.000000
  vertex 30.405592 30.405592 0.000000
 endloop
endfacet
facet normal -0.734323 -0.678801 0.000000
 outer loop
  vertex 32.697457 27.926266 0.000000
  vertex 32.697457 27.926266 10.000000
  vertex 30.405592 30.405592 10.000000
 endloop
endfacet
facet normal -0.734323 -0.678801 0.000000
 outer loop
  vertex 32.697457 27.926266 0.000000
  vertex 30.405592 30.405592 10.000000
  vertex 30.405592 30.405592 0.000000
 endloop
endfacet
facet normal 0.000000 0.000000 -1.000000
 outer loop
  vertex 32.697457 27.926266 10.000000
  vertex 30.416239 25.977922 10.000000
  vertex 28.284271 28.284271 10.000000
 endloop
endfacet
facet normal 0.000000 0.000000 -1.000000
 outer loop
  vertex 32.697457 27.926266 10.000000
  vertex 28.284271 28.284271 10.000000
  vertex 30.405592 30.405592 10.000000
 endloop
endfacet
facet normal 0.734323 0.678801 0.000000
 outer loop
  vertex 30.416239 25.977922 10.000000
  vertex 30.416239 25.977922 3.000000
  vertex 28.284271 28.284271 3.000000
 endloop
endfacet
facet normal 0.734323 0.678801 0.000000
 outer loop
  vertex 30.416239 25.977922 10.000000
  vertex 28.284271 28.284271 3.000000
  vertex 28.284271 28.284271 10.000000
 endloop
endfacet
facet normal 0.000000 0.000000 -1.000000
 outer loop
  vertex 30.416239 25.977922 3.000000
  vertex 0.000000 0.000000 3.000000
  vertex 28.284271 28.284271 3.000000
 endloop
endfacet
facet normal 0.000000 0.000000 1.000000
 outer loop
  vertex 0.000000 0.000000 0.000000
  vertex 30.405592 30.405592 0.000000
  vertex 27.926266 32.697457 0.000000
 endloop
endfacet
facet normal -0.678801 -0.734323 0.000000
 outer loop
  vertex 30.405592 30.405592 0.000000
  vertex 30.405592 30.405592 10.000000
  vertex 27.926266 32.697457 10.000000
 endloop
endfacet
facet normal -0.678801 -0.734323 0.000000
 outer loop
  vertex 30.405592 30.405592 0.000000
  vertex 27.926266 32.697457 10.000000
  vertex 27.926266 32.697457 0.000000
 endloop
endfacet
facet normal 0.000000 0.000000 -1.000000
 outer loop
  vertex 30.405592 30.405592 10.000000
  vertex 28.284271 28.284271 10.000000
  vertex 25.977922 30.416239 10.000000
 endloop
endfacet
facet normal 0.000000 0.000000 -1.000000
 outer loop
  vertex 30.405592 30.405592 10.000000
  vertex 25.977922 30.416239 10.000000
  vertex 27.926266 32.697457 10.000000
 endloop
endfacet
facet normal 0.678801 0.734323 0.000000
 outer loop
  vertex 28.284271 28.284271 10.000000
  vertex 28.284271 28.284271 3.000000
  vertex 25.977922 30.416239 3.000000
 endloop
endfacet
facet normal 0.678801 0.734323 0.000000
 outer loop
  vertex 28.284271 28.284271 10.000000
  vertex 25.977922 30.416239 3.000000
  vertex 25.977922 30.416239 10.000000
 endloop
endfacet
facet normal 0.000000 0.000000 -1.000000
 outer loop
  vertex 28.284271 28.284271 3.000000
  vertex 0.000000 0.000000 3.000000
  vertex 25.977922 30.416239 3.000000
 endloop
endfacet
facet normal 0.000000 0.000000 1.000000
 outer loop
  vertex 0.000000 0.000000 0.000000
  vertex 27.926266 32.697457 0.000000
  vertex 25.274766 34.787731 0.000000
 endloop
endfacet
facet normal -0.619094 -0.785317 0.000000
 outer loop
  vertex 27.926266 32.697457 0.000000
  vertex 27.926266 32.697457 10.000000
  vertex 25.274766 34.787731 10.000000
 endloop
endfacet
facet normal -0.619094 -0.785317 0.000000
 outer loop
  vertex 27.926266 32.697457 0.000000
  vertex 25.274766 34.787731 10.000000
  vertex 25.274766 34.787731 0.000000
 endloop
endfacet
facet normal 0.000000 0.000000 -1.000000
 outer loop
  vertex 27.926266 32.697457 10.000000
  vertex 25.977922 30.416239 10.000000
  vertex 23.511410 32.360680 10.000000
 endloop
endfacet
facet normal 0.000000 0.000000 -1.000000
 outer loop
  vertex 27.926266 32.697457 10.000000
  vertex 23.511410 32.360680 10.000000
  vertex 25.274766 34.787731 10.000000
 endloop
endfacet
facet normal 0.619094 0.785317 0.000000
 outer loop
  vertex 25.977922 30.416239 10.000000
  vertex 25.977922 30.416239 3.000000
  vertex 23.511410 32.360680 3.000000
 endloop
endfacet
facet normal 0.619094 0.785317 0.000000
 outer loop
  vertex 25.977922 30.416239 10.000000
  vertex 23.511410 32.360680 3.000000
  vertex 23.511410 32.360680 10.000000
 endloop
endfacet
facet normal 0.000000 0.000000 -1.000000
 outer loop
  vertex 25.977922 30.416239 3.000000
  vertex 0.000000 0.000000 3.000000
  vertex 23.511410 32.360680 3.000000
 endloop
endfacet
facet normal 0.000000 0.000000 1.000000
 outer loop
  vertex 0.000000 0.000000 0.000000
  vertex 25.274766 34.787731 0.000000
  vertex 22.467438 36.663527 0.000000
 endloop
endfacet
facet normal -0.555570 -0.831470 0.000000
 outer loop
  vertex 25.274766 34.787731 0.000000
  vertex 25.274766 34.787731 10.000000
  vertex 22.467438 36.663527 10.000000
 endloop
endfacet
facet normal -0.555570 -0.831470 0.000000
 outer loop
  vertex 25.274766 34.787731 0.000000
  vertex 22.467438 36.663527 10.000000
  vertex 22.467438 36.663527 0.000000
 endloop
endfacet
facet normal 0.000000 0.000000 -1.000000
 outer loop
  vertex 25.274766 34.787731 10.000000
  vertex 23.511410 32.360680 10.000000
  vertex 20.899943 34.105607 10.000000
 endloop
endfacet
facet normal 0.000000 0.000000 -1.000000
 outer loop
  vertex 25.274766 34.787731 10.000000
  vertex 20.899943 34.105607 10.000000
  vertex 22.467438 36.663527 10.000000
 endloop
endfacet
facet normal 0.555570 0.831470 0.000000
 outer loop
  vertex 23.511410 32.360680 10.000000
  vertex 23.511410 32.360680 3.000000
  vertex 20.899943 34.105607 3.000000
 endloop
endfacet
facet normal 0.555570 0.831470 0.000000
 outer loop
  vertex 23.511410 32.360680 10.000000
  vertex 20.899943 34.105607 3.000000
  vertex 20.899943 34.105607 10.000000
 endloop
endfacet
facet normal 0.000000 0.000000 -1.000000
 outer loop
  vertex 23.511410 32.360680 3.000000
  vertex 0.000000 0.000000 3.000000
  vertex 20.899943 34.105607 3.000000
 endloop
endfacet
facet normal 0.000000 0.000000 1.000000
 outer loop
  vertex 0.000000 0.000000 0.000000
  vertex 22.467438 36.663527 0.000000
  vertex 19.521591 38.313281 0.000000
 endloop
endfacet
facet normal -0.488621 -0.872496 0.000000
 outer loop
  vertex 22.467438 36.663527 0.000000
  vertex 22.467438 36.663527 10.000000
  vertex 19.521591 38.313281 10.000000
 endloop
endfacet
facet normal -0.488621 -0.872496 0.000000
 outer loop
  vertex 22.467438 36.663527 0.000000
  vertex 19.521591 38.313281 10.000000
  vertex 19.521591 38.313281 0.000000
 endloop
endfacet
facet normal 0.000000 0.000000 -1.000000
 outer loop
  vertex 22.467438 36.663527 10.000000
  vertex 20.899943 34.105607 10.000000
  vertex 18.159620 35.640261 10.000000
 endloop
endfacet
facet normal 0.000000 0.000000 -1.000000
 outer loop
  vertex 22.467438 36.663527 10.000000
  vertex 18.159620 35.640261 10.000000
  vertex 19.521591 38.313281 10.000000
 endloop
endfacet
facet normal 0.488621 0.872496 0.000000
 outer loop
  vertex 20.899943 34.105607 10.000000
  vertex 20.899943 34.105607 3.000000
  vertex 18.159620 35.640261 3.000000
 endloop
endfacet
facet normal 0.488621 0.872496 0.000000
 outer loop
  vertex 20.899943 34.105607 10.000000
  vertex 18.159620 35.640261 3.000000
  vertex 18.159620 35.640261 10.000000
 endloop
endfacet
facet normal 0.000000 0.000000 -1.000000
 outer loop
  vertex 20.899943 34.105607 3.000000
  vertex 0.000000 0.000000 3.000000
  vertex 18.159620 35.640261 3.000000
 endloop
endfacet
facet normal 0.000000 0.000000 1.000000
 outer loop
  vertex 0.000000 0.000000 0.000000
  vertex 19.521591 38.313281 0.000000
  vertex 16.455388 39.726820 0.000000
 endloop
endfacet
facet normal -0.418660 -0.908143 0.000000
 outer loop
  vertex 19.521591 38.313281 0.000000
  vertex 19.521591 38.313281 10.000000
  vertex 16.455388 39.726820 10.000000
 endloop
endfacet
facet normal -0.418660 -0.908143 0.000000
 outer loop
  vertex 19.521591 38.313281 0.000000
  vertex 16.455388 39.726820 10.000000
  vertex 16.455388 39.726820 0.000000
 endloop
endfacet
facet normal 0.000000 0.000000 -1.000000
 outer loop
  vertex 19.521591 38.313281 10.000000
  vertex 18.159620 35.640261 10.000000
  vertex 15.307337 36.955181 10.000000
 endloop
endfacet
facet normal 0.000000 0.000000 -1.000000
 outer loop
  vertex 19.521591 38.313281 10.000000
  vertex 15.307337 36.955181 10.000000
  vertex 16.455388 39.726820 10.000000
 endloop
endfacet
facet normal 0.418660 0.908143 0.000000
 outer loop
  vertex 18.159620 35.640261 10.000000
  vertex 18.159620 35.640261 3.000000
  vertex 15.307337 36.955181 3.000000
 endloop
endfacet
facet normal 0.418660 0.908143 0.000000
 outer loop
  vertex 18.159620 35.640261 10.000000
  vertex 15.307337 36.955181 3.000000
  vertex 15.307337 36.955181 10.000000
 endloop
endfacet
facet normal 0.000000 0.000000 -1.000000
 outer loop
  vertex 18.159620 35.640261 3.000000
  vertex 0.000000 0.000000 3.000000
  vertex 15.307337 36.955181 3.000000
 endloop
endfacet
facet normal 0.000000 0.000000 1.000000
 outer loop
  vertex 0.000000 0.000000 0.000000
  vertex 16.455388 39.726820 0.000000
  vertex 13.287731 40.895430 0.000000
 endloop
endfacet
facet normal -0.346117 -0.938191 0.000000
 outer loop
  vertex 16.455388 39.726820 0.000000
  vertex 16.455388 39.726820 10.000000
  vertex 13.287731 40.895430 10.000000
 endloop
endfacet
facet normal -0.346117 -0.938191 0.000000
 outer loop
  vertex 16.455388 39.726820 0.000000
  vertex 13.287731 40.895430 10.000000
  vertex 13.287731 40.895430 0.000000
 endloop
endfacet
facet normal 0.000000 0.000000 -1.000000
 outer loop
  vertex 16.455388 39.726820 10.000000
  vertex 15.307337 36.955181 10.000000
  vertex 12.360680 38.042261 10.000000
 endloop
endfacet
facet normal 0.000000 0.000000 -1.000000
 outer loop
  vertex 16.455388 39.726820 10.000000
  vertex 12.360680 38.042261 10.000000
  vertex 13.287731 40.895430 10.000000
 endloop
endfacet
facet normal 0.346117 0.938191 0.000000
 outer loop
  vertex 15.307337 36.955181 10.000000
  vertex 15.307337 36.955181 3.000000
  vertex 12.360680 38.042261 3.000000
 endloop
endfacet
facet normal 0.346117 0.938191 0.000000
 outer loop
  vertex 15.307337 36.955181 10.000000
  vertex 12.360680 38.042261 3.000000
  vertex 12.360680 38.042261 10.000000
 endloop
endfacet
facet normal 0.000000 0.000000 -1.000000
 outer loop
  vertex 15.307337 36.955181 3.000000
  vertex 0.000000 0.000000 3.000000
  vertex 12.360680 38.042261 3.000000
 endloop
endfacet
facet normal 0.000000 0.000000 1.000000
 outer loop
  vertex 0.000000 0.000000 0.000000
  vertex 13.287731 40.895430 0.000000
  vertex 10.038151 41.811907 0.000000
 endloop
endfacet
facet normal -0.271440 -0.962455 0.000000
 outer loop
  vertex 13.287731 40.895430 0.000000
  vertex 13.287731 40.895430 10.000000
  vertex 10.038151 41.811907 10.000000
 endloop
endfacet
facet normal -0.271440 -0.962455 0.000000
 outer loop
  vertex 13.287731 40.895430 0.000000
  vertex 10.038151 41.811907 10.000000
  vertex 10.038151 41.811907 0.000000
 endloop
endfacet
facet normal 0.000000 0.000000 -1.000000
 outer loop
  vertex 13.287731 40.895430 10.000000
  vertex 12.360680 38.042261 10.000000
  vertex 9.337815 38.894797 10.000000
 endloop
endfacet
facet normal 0.000000 0.000000 -1.000000
 outer loop
  vertex 13.287731 40.895430 10.000000
  vertex 9.337815 38.894797 10.000000
  vertex 10.038151 41.811907 10.000000
 endloop
endfacet
facet normal 0.271440 0.962455 0.000000
 outer loop
  vertex 12.360680 38.042261 10.000000
  vertex 12.360680 38.042261 3.000000
  vertex 9.337815 38.894797 3.000000
 endloop
endfacet
facet normal 0.271440 0.962455 0.000000
 outer loop
  vertex 12.360680 38.042261 10.000000
  vertex 9.337815 38.894797 3.000000
  vertex 9.337815 38.894797 10.000000
 endloop
endfacet
facet normal 0.000000 0.000000 -1.000000
 outer loop
  vertex 12.360680 38.042261 3.000000
  vertex 0.000000 0.000000 3.000000
  vertex 9.337815 38.894797 3.000000
 endloop
endfacet
facet normal 0.000000 0.000000 1.000000
 outer loop
  vertex 0.000000 0.000000 0.000000
  vertex 10.038151 41.811907 0.000000
  vertex 6.726682 42.470599 0.000000
 endloop
endfacet
facet normal -0.195090 -0.980785 0.000000
 outer loop
  vertex 10.038151 41.811907 0.000000
  vertex 10.038151 41.811907 10.000000
  vertex 6.726682 42.470599 10.000000
 endloop
endfacet
facet normal -0.195090 -0.980785 0.000000
 outer loop
  vertex 10.038151 41.811907 0.000000
  vertex 6.726682 42.470599 10.000000
  vertex 6.726682 42.470599 0.000000
 endloop
endfacet
facet normal 0.000000 0.000000 -1.000000
 outer loop
  vertex 10.038151 41.811907 10.000000
  vertex 9.337815 38.894797 10.000000
  vertex 6.257379 39.507534 10.000000
 endloop
endfacet
facet normal 0.000000 0.000000 -1.000000
 outer loop
  vertex 10.038151 41.811907 10.000000
  vertex 6.257379 39.507534 10.000000
  vertex 6.726682 42.470599 10.000000
 endloop
endfacet
facet normal 0.195090 0.980785 0.000000
 outer loop
  vertex 9.337815 38.894797 10.000000
  vertex 9.337815 38.894797 3.000000
  vertex 6.257379 39.507534 3.000000
 endloop
endfacet
facet normal 0.195090 0.980785 0.000000
 outer loop
  vertex 9.337815 38.894797 10.000000
  vertex 6.257379 39.507534 3.000000
  vertex 6.257379 39.507534 10.000000
 endloop
endfacet
facet normal 0.000000 0.000000 -1.000000
 outer loop
  vertex 9.337815 38.894797 3.000000
  vertex 0.000000 0.000000 3.000000
  vertex 6.257379 39.507534 3.000000
 endloop
endfacet
facet normal 0.000000 0.000000 1.000000
 outer loop
  vertex 0.000000 0.000000 0.000000
  vertex 6.726682 42.470599 0.000000
  vertex 3.373741 42.867445 0.000000
 endloop
endfacet
facet normal -0.117537 -0.993068 0.000000
 outer loop
  vertex 6.726682 42.470599 0.000000
  vertex 6.726682 42.470599 10.000000
  vertex 3.373741 42.867445 10.000000
 endloop
endfacet
facet normal -0.117537 -0.993068 0.000000
 outer loop
  vertex 6.726682 42.470599 0.000000
  vertex 3.373741 42.867445 10.000000
  vertex 3.373741 42.867445 0.000000
 endloop
endfacet
facet normal 0.000000 0.000000 -1.000000
 outer loop
  vertex 6.726682 42.470599 10.000000
  vertex 6.257379 39.507534 10.000000
  vertex 3.138364 39.876693 10.000000
 endloop
endfacet
facet normal 0.000000 0.000000 -1.000000
 outer loop
  vertex 6.726682 42.470599 10.000000
  vertex 3.138364 39.876693 10.000000
  vertex 3.373741 42.867445 10.000000
 endloop
endfacet
facet normal 0.117537 0.993068 0.000000
 outer loop
  vertex 6.257379 39.507534 10.000000
  vertex 6.257379 39.507534 3.000000
  vertex 3.138364 39.876693 3.000000
 endloop
endfacet
facet normal 0.117537 0.993068 0.000000
 outer loop
  vertex 6.257379 39.507534 10.000000
  vertex 3.138364 39.876693 3.000000
  vertex 3.138364 39.876693 10.000000
 endloop
endfacet
facet normal 0.000000 0.000000 -1.000000
 outer loop
  vertex 6.257379 39.507534 3.000000
  vertex 0.000000 0.000000 3.000000
  vertex 3.138364 39.876693 3.000000
 endloop
endfacet
facet normal 0.000000 0.000000 1.000000
 outer loop
  vertex 0.000000 0.000000 0.000000
  vertex 3.373741 42.867445 0.000000
  vertex 0.000000 43.000000 0.000000
 endloop
endfacet
facet normal -0.039260 -0.999229 0.000000
 outer loop
  vertex 3.373741 42.867445 0.000000
  vertex 3.373741 42.867445 10.000000
  vertex 0.000000 43.000000 10.000000
 endloop
endfacet
facet normal -0.039260 -0.999229 0.000000
 outer loop
  vertex 3.373741 42.867445 0.000000
  vertex 0.000000 43.000000 10.000000
  vertex 0.000000 43.000000 0.000000
 endloop
endfacet
facet normal 0.000000 0.000000 -1.000000
 outer loop
  vertex 3.373741 42.867445 10.000000
  vertex 3.138364 39.876693 10.000000
  vertex 0.000000 40.000000 10.000000
 endloop
endfacet
facet normal 0.000000 0.000000 -1.000000
 outer loop
  vertex 3.373741 42.867445 10.000000
  vertex 0.000000 40.000000 10.000000
  vertex 0.000000 43.000000 10.000000
 endloop
endfacet
facet normal 0.039260 0.999229 0.000000
 outer loop
  vertex 3.138364 39.876693 10.000000
  vertex 3.138364 39.876693 3.000000
  vertex 0.000000 40.000000 3.000000
 endloop
endfacet
facet normal 0.039260 0.999229 0.000000
 outer loop
  vertex 3.138364 39.876693 10.000000
  vertex 0.000000 40.000000 3.000000
  vertex 0.000000 40.000000 10.000000
 endloop
endfacet
facet normal 0.000000 0.000000 -1.000000
 outer loop
  vertex 3.138364 39.876693 3.000000
  vertex 0.000000 0.000000 3.000000
  vertex 0.000000 40.000000 3.000000
 endloop
endfacet
facet normal 0.000000 0.000000 1.000000
 outer loop
  vertex 0.000000 0.000000 0.000000
  vertex 0.000000 43.000000 0.000000
  vertex -3.373741 42.867445 0.000000
 endloop
endfacet
facet normal 0.039260 -0.999229 0.000000
 outer loop
  vertex 0.000000 43.000000 0.000000
  vertex 0.000000 43.000000 10.000000
  vertex -3.373741 42.867445 10.000000
 endloop
endfacet
facet normal 0.039260 -0.999229 0.000000
 outer loop
  vertex 0.000000 43.000000 0.000000
  vertex -3.373741 42.867445 10.000000
  vertex -3.373741 42.867445 0.000000
 endloop
endfacet
facet normal 0.000000 0.000000 -1.000000
 outer loop
  vertex 0.000000 43.000000 10.000000
  vertex 0.000000 40.000000 10.000000
  vertex -3.138364 39.876693 10.000000
 endloop
endfacet
facet normal 0.000000 0.000000 -1.000000
 outer loop
  vertex 0.000000 43.000000 10.000000
  vertex -3.138364 39.876693 10.000000
  vertex -3.373741 42.867445 10.000000
 endloop
endfacet
facet normal -0.039260 0.999229 0.000000
 outer loop
  vertex 0.000000 40.000000 10.000000
  vertex 0.000000 40.000000 3.000000
  vertex -3.138364 39.876693 3.000000
 endloop
endfacet
facet normal -0.039260 0.999229 0.000000
 outer loop
  vertex 0.000000 40.000000 10.000000
  vertex -3.138364 39.876693 3.000000
  vertex -3.138364 39.876693 10.000000
 endloop
endfacet
facet normal 0.000000 0.000000 -1.000000
 outer loop
  vertex 0.000000 40.000000 3.000000
  vertex 0.000000 0.000000 3.000000
  vertex -3.138364 39.876693 3.000000
 endloop
endfacet
facet normal 0.000000 0.000000 1.000000
 outer loop
  vertex 0.000000 0.000000 0.000000
  vertex -3.373741 42.867445 0.000000
  vertex -6.726682 42.470599 0.000000
 endloop
endfacet
facet normal 0.117537 -0.993068 0.000000
 outer loop
  vertex -3.373741 42.867445 0.000000
  vertex -3.373741 42.867445 10.000000
  vertex -6.726682 42.470599 10.000000
 endloop
endfacet
facet normal 0.117537 -0.993068 0.000000
 outer loop
  vertex -3.373741 42.867445 0.000000
  vertex -6.726682 42.470599 10.000000
  vertex -6.726682 42.470599 0.000000
 endloop
endfacet
facet normal 0.000000 0.000000 -1.000000
 outer loop
  vertex -3.373741 42.867445 10.000000
  vertex -3.138364 39.876693 10.000000
  vertex -6.257379 39.507534 10.000000
 endloop
endfacet
facet normal 0.000000 0.000000 -1.000000
 outer loop
  vertex -3.373741 42.867445 10.000000
  vertex -6.257379 39.507534 10.000000
  vertex -6.726682 42.470599 10.000000
 endloop
endfacet
facet normal -0.117537 0.993068 0.000000
 outer loop
  vertex -3.138364 39.876693 10.000000
  vertex -3.138364 39.876693 3.000000
  vertex -6.257379 39.507534 3.000000
 endloop
endfacet
facet normal -0.117537 0.993068 0.000000
 outer loop
  vertex -3.138364 39.876693 10.000000
  vertex -6.257379 39.507534 3.000000
  vertex -6.257379 39.507534 10.000000
 endloop
endfacet
facet normal 0.000000 0.000000 -1.000000
 outer loop
  vertex -3.138364 39.876693 3.000000
  vertex 0.000000 0.000000 3.000000
  vertex -6.257379 39.507534 3.000000
 endloop
endfacet
facet normal 0.000000 0.000000 1.000000
 outer loop
  vertex 0.000000 0.000000 0.000000
  vertex -6.726682 42.470599 0.000000
  vertex -10.038151 41.811907 0.000000
 endloop
endfacet
facet normal 0.195090 -0.980785 0.000000
 outer loop
  vertex -6.726682 42.470599 0.000000
  vertex -6.726682 42.470599 10.000000
  vertex -10.038151 41.811907 10.000000
 endloop
endfacet
facet normal 0.195090 -0.980785 0.000000
 outer loop
  vertex -6.726682 42.470599 0.000000
  vertex -10.038151 41.811907 10.000000
  vertex -10.038151 41.811907 0.000000
 endloop
endfacet
facet normal 0.000000 0.000000 -1.000000
 outer loop
  vertex -6.726682 42.470599 10.000000
  vertex -6.257379 39.507534 10.000000
  vertex -9.337815 38.894797 10.000000
 endloop
endfacet
facet normal 0.000000 0.000000 -1.000000
 outer loop
  vertex -6.726682 42.470599 10.000000
  vertex -9.337815 38.894797 10.000000
  vertex -10.038151 41.811907 10.000000
 endloop
endfacet
facet normal -0.195090 0.980785 0.000000
 outer loop
  vertex -6.257379 39.507534 10.000000
  vertex -6.257379 39.507534 3.000000
  vertex -9.337815 38.894797 3.000000
 endloop
endfacet
facet normal -0.195090 0.980785 0.000000
 outer loop
  vertex -6.257379 39.507534 10.000000
  vertex -9.337815 38.894797 3.000000
  vertex -9.337815 38.894797 10.000000
 endloop
endfacet
facet normal 0.000000 0.000000 -1.000000
 outer loop
  vertex -6.257379 39.507534 3.000000
  vertex 0.000000 0.000000 3.000000
  vertex -9.337815 38.894797 3.000000
 endloop
endfacet
facet normal 0.000000 0.000000 1.000000
 outer loop
  vertex 0.000000 0.000000 0.000000
  vertex -10.038151 41.811907 0.000000
  vertex -13.287731 40.895430 0.000000
 endloop
endfacet
facet normal 0.271440 -0.962455 0.000000
 outer loop
  vertex -10.038151 41.811907 0.000000
  vertex -10.038151 41.811907 10.000000
  vertex -13.287731 40.895430 10.000000
 endloop
endfacet
facet normal 0.271440 -0.962455 0.000000
 outer loop
  vertex -10.038151 41.811907 0.000000
  vertex -13.287731 40.895430 10.000000
  vertex -13.287731 40.895430 0.000000
 endloop
endfacet
facet normal 0.000000 0.000000 -1.000000
 outer loop
  vertex -10.038151 41.811907 10.000000
  vertex -9.337815 38.894797 10.000000
  vertex -12.360680 38.042261 10.000000
 endloop
endfacet
facet normal 0.000000 0.000000 -1.000000
 outer loop
  vertex -10.038151 41.811907 10.000000
  vertex -12.360680 38.042261 10.000000
  vertex -13.287731 40.895430 10.000000
 endloop
endfacet
facet normal -0.271440 0.962455 0.000000
 outer loop
  vertex -9.337815 38.894797 10.000000
  vertex -9.337815 38.894797 3.000000
  vertex -12.360680 38.042261 3.000000
 endloop
endfacet
facet normal -0.271440 0.962455 0.000000
 outer loop
  vertex -9.337815 38.894797 10.000000
  vertex -12.360680 38.042261 3.000000
  vertex -12.360680 38.042261 10.000000
 endloop
endfacet
facet normal 0.000000 0.000000 -1.000000
 outer loop
  vertex -9.337815 38.894797 3.000000
  vertex 0.000000 0.000000 3.000000
  vertex -12.360680 38.042261 3.000000
 endloop
endfacet
facet normal 0.000000 0.000000 1.000000
 outer loop
  vertex 0.000000 0.000000 0.000000
  vertex -13.287731 40.895430 0.000000
  vertex -16.455388 39.726820 0.000000
 endloop
endfacet
facet normal 0.346117 -0.938191 0.000000
 outer loop
  vertex -13.287731 40.895430 0.000000
  vertex -13.287731 40.895430 10.000000
  vertex -16.455388 39.726820 10.000000
 endloop
endfacet
facet normal 0.346117 -0.938191 0.000000
 outer loop
  vertex -13.287731 40.895430 0.000000
  vertex -16.455388 39.726820 10.000000
  vertex -16.455388 39.726820 0.000000
 endloop
endfacet
facet normal 0.000000 0.000000 -1.000000
 outer loop
  vertex -13.287731 40.895430 10.000000
  vertex -12.360680 38.042261 10.000000
  vertex -15.307337 36.955181 10.000000
 endloop
endfacet
facet normal 0.000000 0.000000 -1.000000
 outer loop
  vertex -13.287731 40.895430 10.000000
  vertex -15.307337 36.955181 10.000000
  vertex -16.455388 39.726820 10.000000
 endloop
endfacet
facet normal -0.346117 0.938191 0.000000
 outer loop
  vertex -12.360680 38.042261 10.000000
  vertex -12.360680 38.042261 3.000000
  vertex -15.307337 36.955181 3.000000
 endloop
endfacet
facet normal -0.346117 0.938191 0.000000
 outer loop
  vertex -12.360680 38.042261 10.000000
  vertex -15.307337 36.955181 3.000000
  vertex -15.307337 36.955181 10.000000
 endloop
endfacet
facet normal 0.000000 0.000000 -1.000000
 outer loop
  vertex -12.360680 38.042261 3.000000
  vertex 0.000000 0.000000 3.000000
  vertex -15.307337 36.955181 3.000000
 endloop
endfacet
facet normal 0.000000 0.000000 1.000000
 outer loop
  vertex 0.000000 0.000000 0.000000
  vertex -16.455388 39.726820 0.000000
  vertex -19.521591 38.313281 0.000000
 endloop
endfacet
facet normal 0.418660 -0.908143 0.000000
 outer loop
  vertex -16.455388 39.726820 0.000000
  vertex -16.455388 39.726820 10.000000
  vertex -19.521591 38.313281 10.000000
 endloop
endfacet
facet normal 0.418660 -0.908143 0.000000
 outer loop
  vertex -16.455388 39.726820 0.000000
  vertex -19.521591 38.313281 10.000000
  vertex -19.521591 38.313281 0.000000
 endloop
endfacet
facet normal 0.000000 0.000000 -1.000000
 outer loop
  vertex -16.455388 39.726820 10.000000
  vertex -15.307337 36.955181 10.000000
  vertex -18.159620 35.640261 10.000000
 endloop
endfacet
facet normal 0.000000 0.000000 -1.000000
 outer loop
  vertex -16.455388 39.726820 10.000000
  vertex -18.159620 35.640261 10.000000
  vertex -19.521591 38.313281 10.000000
 endloop
endfacet
facet normal -0.418660 0.908143 0.000000
 outer loop
  vertex -15.307337 36.955181 10.000000
  vertex -15.307337 36.955181 3.000000
  vertex -18.159620 35.640261 3.000000
 endloop
endfacet
facet normal -0.418660 0.908143 0.000000
 outer loop
  vertex -15.307337 36.955181 10.000000
  vertex -18.159620 35.640261 3.000000
  vertex -18.159620 35.640261 10.000000
 endloop
endfacet
facet normal 0.000000 0.000000 -1.000000
 outer loop
  vertex -15.307337 36.955181 3.000000
  vertex 0.000000 0.000000 3.000000
  vertex -18.159620 35.640261 3.000000
 endloop
endfacet
facet normal 0.000000 0.000000 1.000000
 outer loop
  vertex 0.000000 0.000000 0.000000
  vertex -19.521591 38.313281 0.000000
  vertex -22.467438 36.663527 0.000000
 endloop
endfacet
facet normal 0.488621 -0.872496 0.000000
 outer loop
  vertex -19.521591 38.313281 0.000000
  vertex -19.521591 38.313281 10.000000
  vertex -22.467438 36.663527 10.000000
 endloop
endfacet
facet normal 0.488621 -0.872496 0.000000
 outer loop
  vertex -19.521591 38.313281 0.000000
  vertex -22.467438 36.663527 10.000000
  vertex -22.467438 36.663527 0.000000
 endloop
endfacet
facet normal 0.000000 0.000000 -1.000000
 outer loop
  vertex -19.521591 38.313281 10.000000
  vertex -18.159620 35.640261 10.000000
  vertex -20.899943 34.105607 10.000000
 endloop
endfacet
facet normal 0.000000 0.000000 -1.000000
 outer loop
  vertex -19.521591 38.313281 10.000000
  vertex -20.899943 34.105607 10.000000
  vertex -22.467438 36.663527 10.000000
 endloop
endfacet
facet normal -0.488621 0.872496 0.000000
 outer loop
  vertex -18.159620 35.640261 10.000000
  vertex -18.159620 35.640261 3.000000
  vertex -20.899943 34.105607 3.000000
 endloop
endfacet
facet normal -0.488621 0.872496 0.000000
 outer loop
  vertex -18.159620 35.640261 10.000000
  vertex -20.899943 34.105607 3.000000
  vertex -20.899943 34.105607 10.000000
 endloop
endfacet
facet normal 0.000000 0.000000 -1.000000
 outer loop
  vertex -18.159620 35.640261 3.000000
  vertex 0.000000 0.000000 3.000000
  vertex -20.899943 34.105607 3.000000
 endloop
endfacet
facet normal 0.000000 0.000000 1.000000
 outer loop
  vertex 0.000000 0.000000 0.000000
  vertex -22.467438 36.663527 0.000000
  vertex -25.274766 34.787731 0.000000
 endloop
endfacet
facet normal 0.555570 -0.831470 0.000000
 outer loop
  vertex -22.467438 36.663527 0.000000
  vertex -22.467438 36.663527 10.000000
  vertex -25.274766 34.787731 10.000000
 endloop
endfacet
facet normal 0.555570 -0.831470 0.000000
 outer loop
  vertex -22.467438 36.663527 0.000000
  vertex -25.274766 34.787731 10.000000
  vertex -25.274766 34.787731 0.000000
 endloop
endfacet
facet normal 0.000000 0.000000 -1.000000
 outer loop
  vertex -22.467438 36.663527 10.000000
  vertex -20.899943 34.105607 10.000000
  vertex -23.511410 32.360680 10.000000
 endloop
endfacet
facet normal 0.000000 0.000000 -1.000000
 outer loop
  vertex -22.467438 36.663527 10.000000
  vertex -23.511410 32.360680 10.000000
  vertex -25.274766 34.787731 10.000000
 endloop
endfacet
facet normal -0.555570 0.831470 0.000000
 outer loop
  vertex -20.899943 34.105607 10.000000
  vertex -20.899943 34.105607 3.000000
  vertex -23.511410 32.360680 3.000000
 endloop
endfacet
facet normal -0.555570 0.831470 0.000000
 outer loop
  vertex -20.899943 34.105607 10.000000
  vertex -23.511410 32.360680 3.000000
  vertex -23.511410 32.360680 10.000000
 endloop
endfacet
facet normal 0.000000 0.000000 -1.000000
 outer loop
  vertex -20.899943 34.105607 3.000000
  vertex 0.000000 0.000000 3.000000
  vertex -23.511410 32.360680 3.000000
 endloop
endfacet
facet normal 0.000000 0.000000 1.000000
 outer loop
  vertex 0.000000 0.000000 0.000000
  vertex -25.274766 34.787731 0.000000
  vertex -27.926266 32.697457 0.000000
 endloop
endfacet
facet normal 0.619094 -0.785317 0.000000
 outer loop
  vertex -25.274766 34.787731 0.000000
  vertex -25.274766 34.787731 10.000000
  vertex -27.926266 32.697457 10.000000
 endloop
endfacet
facet normal 0.619094 -0.785317 0.000000
 outer loop
  vertex -25.274766 34.787731 0.000000
  vertex -27.926266 32.697457 10.000000
  vertex -27.926266 32.697457 0.000000
 endloop
endfacet
facet normal 0.000000 0.000000 -1.000000
 outer loop
  vertex -25.274766 34.787731 10.000000
  vertex -23.511410 32.360680 10.000000
  vertex -25.977922 30.416239 10.000000
 endloop
endfacet
facet normal 0.000000 0.000000 -1.000000
 outer loop
  vertex -25.274766 34.787731 10.000000
  vertex -25.977922 30.416239 10.000000
  vertex -27.926266 32.697457 10.000000
 endloop
endfacet
facet normal -0.619094 0.785317 0.000000
 outer loop
  vertex -23.511410 32.360680 10.000000
  vertex -23.511410 32.360680 3.000000
  vertex -25.977922 30.416239 3.000000
 endloop
endfacet
facet normal -0.619094 0.785317 0.000000
 outer loop
  vertex -23.511410 32.360680 10.000000
  vertex -25.977922 30.416239 3.000000
  vertex -25.977922 30.416239 10.000000
 endloop
endfacet
facet normal 0.000000 0.000000 -1.000000
 outer loop
  vertex -23.511410 32.360680 3.000000
  vertex 0.000000 0.000000 3.000000
  vertex -25.977922 30.416239 3.000000
 endloop
endfacet
facet normal 0.000000 0.000000 1.000000
 outer loop
  vertex 0.000000 0.000000 0.000000
  vertex -27.926266 32.697457 0.000000
  vertex -30.405592 30.405592 0.000000
 endloop
endfacet
facet normal 0.678801 -0.734323 0.000000
 outer loop
  vertex -27.926266 32.697457 0.000000
  vertex -27.926266 32.697457 10.000000
  vertex -30.405592 30.405592 10.000000
 endloop
endfacet
facet normal 0.678801 -0.734323 0.000000
 outer loop
  vertex -27.926266 32.697457 0.000000
  vertex -30.405592 30.405592 10.000000
  vertex -30.405592 30.405592 0.000000
 endloop
endfacet
facet normal 0.000000 0.000000 -1.000000
 outer loop
  vertex -27.926266 32.697457 10.000000
  vertex -25.977922 30.416239 10.000000
  vertex -28.284271 28.284271 10.000000
 endloop
endfacet
facet normal 0.000000 0.000000 -1.000000
 outer loop
  vertex -27.926266 32.697457 10.000000
  vertex -28.284271 28.284271 10.000000
  vertex -30.405592 30.405592 10.000000
 endloop
endfacet
facet normal -0.678801 0.734323 0.000000
 outer loop
  vertex -25.977922 30.416239 10.000000
  vertex -25.977922 30.416239 3.000000
  vertex -28.284271 28.284271 3.000000
 endloop
endfacet
facet normal -0.678801 0.734323 0.000000
 outer loop
  vertex -25.977922 30.416239 10.000000
  vertex -28.284271 28.284271 3.000000
  vertex -28.284271 28.284271 10.000000
 endloop
endfacet
facet normal 0.000000 0.000000 -1.000000
 outer loop
  vertex -25.977922 30.416239 3.000000
  vertex 0.000000 0.000000 3.000000
  vertex -28.284271 28.284271 3.000000
 endloop
endfacet
facet normal 0.000000 0.000000 1.000000
 outer loop
  vertex 0.000000 0.000000 0.000000
  vertex -30.405592 30.405592 0.000000
  vertex -32.697457 27.926266 0.000000
 endloop
endfacet
facet normal 0.734323 -0.678801 0.000000
 outer loop
  vertex -30.405592 30.405592 0.000000
  vertex -30.405592 30.405592 10.000000
  vertex -32.697457 27.926266 10.000000
 endloop
endfacet
facet normal 0.734323 -0.678801 0.000000
 outer loop
  vertex -30.405592 30.405592 0.000000
  vertex -32.697457 27.926266 10.000000
  vertex -32.697457 27.926266 0.000000
 endloop
endfacet
facet normal 0.000000 0.000000 -1.000000
 outer loop
  vertex -30.405592 30.405592 10.000000
  vertex -28.284271 28.284271 10.000000
  vertex -30.416239 25.977922 10.000000
 endloop
endfacet
facet normal 0.000000 0.000000 -1.000000
 outer loop
  vertex -30.405592 30.405592 10.000000
  vertex -30.416239 25.977922 10.000000
  vertex -32.697457 27.926266 10.000000
 endloop
endfacet
facet normal -0.734323 0.678801 0.000000
 outer loop
  vertex -28.284271 28.284271 10.000000
  vertex -28.284271 28.284271 3.000000
  vertex -30.416239 25.977922 3.000000
 endloop
endfacet
facet normal -0.734323 0.678801 0.000000
 outer loop
  vertex -28.284271 28.284271 10.000000
  vertex -30.416239 25.977922 3.000000
  vertex -30.416239 25.977922 10.000000
 endloop
endfacet
facet normal 0.000000 0.000000 -1.000000
 outer loop
  vertex -28.284271 28.284271 3.000000
  vertex 0.000000 0.000000 3.000000
  vertex -30.416239 25.977922 3.000000
 endloop
endfacet
facet normal 0.000000 0.000000 1.000000
 outer loop
  vertex 0.000000 0.000000 0.000000
  vertex -32.697457 27.926266 0.000000
  vertex -34.787731 25.274766 0.000000
 endloop
endfacet
facet normal 0.785317 -0.619094 0.000000
 outer loop
  vertex -32.697457 27.926266 0.000000
  vertex -32.697457 27.926266 10.000000
  vertex -34.787731 25.274766 10.000000
 endloop
endfacet
facet normal 0.785317 -0.619094 0.000000
 outer loop
  vertex -32.697457 27.926266 0.000000
  vertex -34.787731 25.274766 10.000000
  vertex -34.787731 25.274766 0.000000
 endloop
endfacet
facet normal 0.000000 0.000000 -1.000000
 outer loop
  vertex -32.697457 27.926266 10.000000
  vertex -30.416239 25.977922 10.000000
  vertex -32.360680 23.511410 10.000000
 endloop
endfacet
facet normal 0.000000 0.000000 -1.000000
 outer loop
  vertex -32.697457 27.926266 10.000000
  vertex -32.360680 23.511410 10.000000
  vertex -34.787731 25.274766 10.000000
 endloop
endfacet
facet normal -0.785317 0.619094 0.000000
 outer loop
  vertex -30.416239 25.977922 10.000000
  vertex -30.416239 25.977922 3.000000
  vertex -32.360680 23.511410 3.000000
 endloop
endfacet
facet normal -0.785317 0.619094 0.000000
 outer loop
  vertex -30.416239 25.977922 10.000000
  vertex -32.360680 23.511410 3.000000
  vertex -32.360680 23.511410 10.000000
 endloop
endfacet
facet normal 0.000000 0.000000 -1.000000
 outer loop
  vertex -30.416239 25.977922 3.000000
  vertex 0.000000 0.000000 3.000000
  vertex -32.360680 23.511410 3.000000
 endloop
endfacet
facet normal 0.000000 0.000000 1.000000
 outer loop
  vertex 0.000000 0.000000 0.000000
  vertex -34.787731 25.274766 0.000000
  vertex -36.663527 22.467438 0.000000
 endloop
endfacet
facet normal 0.831470 -0.555570 0.000000
 outer loop
  vertex -34.787731 25.274766 0.000000
  vertex -34.787731 25.274766 10.000000
  vertex -36.663527 22.467438 10.000000
 endloop
endfacet
facet normal 0.831470 -0.555570 0.000000
 outer loop
  vertex -34.787731 25.274766 0.000000
  vertex -36.663527 22.467438 10.000000
  vertex -36.663527 22.467438 0.000000
 endloop
endfacet
facet normal 0.000000 0.000000 -1.000000
 outer loop
  vertex -34.787731 25.274766 10.000000
  vertex -32.360680 23.511410 10.000000
  vertex -34.105607 20.899943 10.000000
 endloop
endfacet
facet normal 0.000000 0.000000 -1.000000
 outer loop
  vertex -34.787731 25.274766 10.000000
  vertex -34.105607 20.899943 10.000000
  vertex -36.663527 22.467438 10.000000
 endloop
endfacet
facet normal -0.831470 0.555570 0.000000
 outer loop
  vertex -32.360680 23.511410 10.000000
  vertex -32.360680 23.511410 3.000000
  vertex -34.105607 20.899943 3.000000
 endloop
endfacet
facet normal -0.831470 0.555570 0.000000
 outer loop
  vertex -32.360680 23.511410 10.000000
  vertex -34.105607 20.899943 3.000000
  vertex -34.105607 20.899943 10.000000
 endloop
endfacet
facet normal 0.000000 0.000000 -1.000000
 outer loop
  vertex -32.360680 23.511410 3.000000
  vertex 0.000000 0.000000 3.000000
  vertex -34.105607 20.899943 3.000000
 endloop
endfacet
facet normal 0.000000 0.000000 1.000000
 outer loop
  vertex 0.000000 0.000000 0.000000
  vertex -36.663527 22.467438 0.000000
  vertex -38.313281 19.521591 0.000000
 endloop
endfacet
facet normal 0.872496 -0.488621 0.000000
 outer loop
  vertex -36.663527 22.467438 0.000000
  vertex -36.663527 22.467438 10.000000
  vertex -38.313281 19.521591 10.000000
 endloop
endfacet
facet normal 0.872496 -0.488621 0.000000
 outer loop
  vertex -36.663527 22.467438 0.000000
  vertex -38.313281 19.521591 10.000000
  vertex -38.313281 19.521591 0.000000
 endloop
endfacet
facet normal 0.000000 0.000000 -1.000000
 outer loop
  vertex -36.663527 22.467438 10.000000
  vertex -34.105607 20.899943 10.000000
  vertex -35.640261 18.159620 10.000000
 endloop
endfacet
facet normal 0.000000 0.000000 -1.000000
 outer loop
  vertex -36.663527 22.467438 10.000000
  vertex -35.640261 18.159620 10.000000
  vertex -38.313281 19.521591 10.000000
 endloop
endfacet
facet normal -0.872496 0.488621 0.000000
 outer loop
  vertex -34.105607 20.899943 10.000000
  vertex -34.105607 20.899943 3.000000
  vertex -35.640261 18.159620 3.000000
 endloop
endfacet
facet normal -0.872496 0.488621 0.000000
 outer loop
  vertex -34.105607 20.899943 10.000000
  vertex -35.640261 18.159620 3.000000
  vertex -35.640261 18.159620 10.000000
 endloop
endfacet
facet normal 0.000000 0.000000 -1.000000
 outer loop
  vertex -34.105607 20.899943 3.000000
  vertex 0.000000 0.000000 3.000000
  vertex -35.640261 18.159620 3.000000
 endloop
endfacet
facet normal 0.000000 0.000000 1.000000
 outer loop
  vertex 0.000000 0.000000 0.000000
  vertex -38.313281 19.521591 0.000000
  vertex -39.726820 16.455388 0.000000
 endloop
endfacet
facet normal 0.908143 -0.418660 0.000000
 outer loop
  vertex -38.313281 19.521591 0.000000
  vertex -38.313281 19.521591 10.000000
  vertex -39.726820 16.455388 10.000000
 endloop
endfacet
facet normal 0.908143 -0.418660 0.000000
 outer loop
  vertex -38.313281 19.521591 0.000000
  vertex -39.726820 16.455388 10.000000
  vertex -39.726820 16.455388 0.000000
 endloop
endfacet
facet normal 0.000000 0.000000 -1.000000
 outer loop
  vertex -38.313281 19.521591 10.000000
  vertex -35.640261 18.159620 10.000000
  vertex -36.955181 15.307337 10.000000
 endloop
endfacet
facet normal 0.000000 0.000000 -1.000000
 outer loop
  vertex -38.313281 19.521591 10.000000
  vertex -36.955181 15.307337 10.000000
  vertex -39.726820 16.455388 10.000000
 endloop
endfacet
facet normal -0.908143 0.418660 0.000000
 outer loop
  vertex -35.640261 18.159620 10.000000
  vertex -35.640261 18.159620 3.000000
  vertex -36.955181 15.307337 3.000000
 endloop
endfacet
facet normal -0.908143 0.418660 0.000000
 outer loop
  vertex -35.640261 18.159620 10.000000
  vertex -36.955181 15.307337 3.000000
  vertex -36.955181 15.307337 10.000000
 endloop
endfacet
facet normal 0.000000 0.000000 -1.000000
 outer loop
  vertex -35.640261 18.159620 3.000000
  vertex 0.000000 0.000000 3.000000
  vertex -36.955181 15.307337 3.000000
 endloop
endfacet
facet normal 0.000000 0.000000 1.000000
 outer loop
  vertex 0.000000 0.000000 0.000000
  vertex -39.726820 16.455388 0.000000
  vertex -40.895430 13.287731 0.000000
 endloop
endfacet
facet normal 0.938191 -0.346117 0.000000
 outer loop
  vertex -39.726820 16.455388 0.000000
  vertex -39.726820 16.455388 10.000000
  vertex -40.895430 13.287731 10.000000
 endloop
endfacet
facet normal 0.938191 -0.346117 0.000000
 outer loop
  vertex -39.726820 16.455388 0.000000
  vertex -40.895430 13.287731 10.000000
  vertex -40.895430 13.287731 0.000000
 endloop
endfacet
facet normal 0.000000 0.000000 -1.000000
 outer loop
  vertex -39.726820 16.455388 10.000000
  vertex -36.955181 15.307337 10.000000
  vertex -38.042261 12.360680 10.000000
 endloop
endfacet
facet normal 0.000000 0.000000 -1.000000
 outer loop
  vertex -39.726820 16.455388 10.000000
  vertex -38.042261 12.360680 10.000000
  vertex -40.895430 13.287731 10.000000
 endloop
endfacet
facet normal -0.938191 0.346117 0.000000
 outer loop
  vertex -36.955181 15.307337 10.000000
  vertex -36.955181 15.307337 3.000000
  vertex -38.042261 12.360680 3.000000
 endloop
endfacet
facet normal -0.938191 0.346117 0.000000
 outer loop
  vertex -36.955181 15.307337 10.000000
  vertex -38.042261 12.360680 3.000000
  vertex -38.042261 12.360680 10.000000
 endloop
endfacet
facet normal 0.000000 0.000000 -1.000000
 outer loop
  vertex -36.955181 15.307337 3.000000
  vertex 0.000000 0.000000 3.000000
  vertex -38.042261 12.360680 3.000000
 endloop
endfacet
facet normal 0.000000 0.000000 1.000000
 outer loop
  vertex 0.000000 0.000000 0.000000
  vertex -40.895430 13.287731 0.000000
  vertex -41.811907 10.038151 0.000000
 endloop
endfacet
facet normal 0.962455 -0.271440 0.000000
 outer loop
  vertex -40.895430 13.287731 0.000000
  vertex -40.895430 13.287731 10.000000
  vertex -41.811907 10.038151 10.000000
 endloop
endfacet
facet normal 0.962455 -0.271440 0.000000
 outer loop
  vertex -40.895430 13.287731 0.000000
  vertex -41.811907 10.038151 10.000000
  vertex -41.811907 10.038151 0.000000
 endloop
endfacet
facet normal 0.000000 0.000000 -1.000000
 outer loop
  vertex -40.895430 13.287731 10.000000
  vertex -38.042261 12.360680 10.000000
  vertex -38.894797 9.337815 10.000000
 endloop
endfacet
facet normal 0.000000 0.000000 -1.000000
 outer loop
  vertex -40.895430 13.287731 10.000000
  vertex -38.894797 9.337815 10.000000
  vertex -41.811907 10.038151 10.000000
 endloop
endfacet
facet normal -0.962455 0.271440 0.000000
 outer loop
  vertex -38.042261 12.360680 10.000000
  vertex -38.042261 12.360680 3.000000
  vertex -38.894797 9.337815 3.000000
 endloop
endfacet
facet normal -0.962455 0.271440 0.000000
 outer loop
  vertex -38.042261 12.360680 10.000000
  vertex -38.894797 9.337815 3.000000
  vertex -38.894797 9.337815 10.000000
 endloop
endfacet
facet normal 0.000000 0.000000 -1.000000
 outer loop
  vertex -38.042261 12.360680 3.000000
  vertex 0.000000 0.000000 3.000000
  vertex -38.894797 9.337815 3.000000
 endloop
endfacet
facet normal 0.000000 0.000000 1.000000
 outer loop
  vertex 0.000000 0.000000 0.000000
  vertex -41.811907 10.038151 0.000000
  vertex -42.470599 6.726682 0.000000
 endloop
endfacet
facet normal 0.980785 -0.195090 0.000000
 outer loop
  vertex -41.811907 10.038151 0.000000
  vertex -41.811907 10.038151 10.000000
  vertex -42.470599 6.726682 10.000000
 endloop
endfacet
facet normal 0.980785 -0.195090 0.000000
 outer loop
  vertex -41.811907 10.038151 0.000000
  vertex -42.470599 6.726682 10.000000
  vertex -42.470599 6.726682 0.000000
 endloop
endfacet
facet normal 0.000000 0.000000 -1.000000
 outer loop
  vertex -41.811907 10.038151 10.000000
  vertex -38.894797 9.337815 10.000000
  vertex -39.507534 6.257379 10.000000
 endloop
endfacet
facet normal 0.000000 0.000000 -1.000000
 outer loop
  vertex -41.811907 10.038151 10.000000
  vertex -39.507534 6.257379 10.000000
  vertex -42.470599 6.726682 10.000000
 endloop
endfacet
facet normal -0.980785 0.195090 0.000000
 outer loop
  vertex -38.894797 9.337815 10.000000
  vertex -38.894797 9.337815 3.000000
  vertex -39.507534 6.257379 3.000000
 endloop
endfacet
facet normal -0.980785 0.195090 0.000000
 outer loop
  vertex -38.894797 9.337815 10.000000
  vertex -39.507534 6.257379 3.000000
  vertex -39.507534 6.257379 10.000000
 endloop
endfacet
facet normal 0.000000 0.000000 -1.000000
 outer loop
  vertex -38.894797 9.337815 3.000000
  vertex 0.000000 0.000000 3.000000
  vertex -39.507534 6.257379 3.000000
 endloop
endfacet
facet normal 0.000000 0.000000 1.000000
 outer loop
  vertex 0.000000 0.000000 0.000000
  vertex -42.470599 6.726682 0.000000
  vertex -42.867445 3.373741 0.000000
 endloop
endfacet
facet normal 0.993068 -0.117537 0.000000
 outer loop
  vertex -42.470599 6.726682 0.000000
  vertex -42.470599 6.726682 10.000000
  vertex -42.867445 3.373741 10.000000
 endloop
endfacet
facet normal 0.993068 -0.117537 0.000000
 outer loop
  vertex -42.470599 6.726682 0.000000
  vertex -42.867445 3.373741 10.000000
  vertex -42.867445 3.373741 0.000000
 endloop
endfacet
facet normal 0.000000 0.000000 -1.000000
 outer loop
  vertex -42.470599 6.726682 10.000000
  vertex -39.507534 6.257379 10.000000
  vertex -39.876693 3.138364 10.000000
 endloop
endfacet
facet normal 0.000000 0.000000 -1.000000
 outer loop
  vertex -42.470599 6.726682 10.000000
  vertex -39.876693 3.138364 10.000000
  vertex -42.867445 3.373741 10.000000
 endloop
endfacet
facet normal -0.993068 0.117537 0.000000
 outer loop
  vertex -39.507534 6.257379 10.000000
  vertex -39.507534 6.257379 3.000000
  vertex -39.876693 3.138364 3.000000
 endloop
endfacet
facet normal -0.993068 0.117537 0.000000
 outer loop
  vertex -39.507534 6.257379 10.000000
  vertex -39.876693 3.138364 3.000000
  vertex -39.876693 3.138364 10.000000
 endloop
endfacet
facet normal 0.000000 0.000000 -1.000000
 outer loop
  vertex -39.507534 6.257379 3.000000
  vertex 0.000000 0.000000 3.000000
  vertex -39.876693 3.138364 3.000000
 endloop
endfacet
facet normal 0.000000 0.000000 1.000000
 outer loop
  vertex 0.000000 0.000000 0.000000
  vertex -42.867445 3.373741 0.000000
  vertex -43.000000 0.000000 0.000000
 endloop
endfacet
facet normal 0.999229 -0.039260 0.000000
 outer loop
  vertex -42.867445 3.373741 0.000000
  vertex -42.867445 3.373741 10.000000
  vertex -43.000000 0.000000 10.000000
 endloop
endfacet
facet normal 0.999229 -0.039260 0.000000
 outer loop
  vertex -42.867445 3.373741 0.000000
  vertex -43.000000 0.000000 10.000000
  vertex -43.000000 0.000000 0.000000
 endloop
endfacet
facet normal 0.000000 0.000000 -1.000000
 outer loop
  vertex -42.867445 3.373741 10.000000
  vertex -39.876693 3.138364 10.000000
  vertex -40.000000 0.000000 10.000000
 endloop
endfacet
facet normal 0.000000 0.000000 -1.000000
 outer loop
  vertex -42.867445 3.373741 10.000000
  vertex -40.000000 0.000000 10.000000
  vertex -43.000000 0.000000 10.000000
 endloop
endfacet
facet normal -0.999229 0.039260 0.000000
 outer loop
  vertex -39.876693 3.138364 10.000000
  vertex -39.876693 3.138364 3.000000
  vertex -40.000000 0.000000 3.000000
 endloop
endfacet
facet normal -0.999229 0.039260 0.000000
 outer loop
  vertex -39.876693 3.138364 10.000000
  vertex -40.000000 0.000000 3.000000
  vertex -40.000000 0.000000 10.000000
 endloop
endfacet
facet normal 0.000000 0.000000 -1.000000
 outer loop
  vertex -39.876693 3.138364 3.000000
  vertex 0.000000 0.000000 3.000000
  vertex -40.000000 0.000000 3.000000
 endloop
endfacet
facet normal 0.000000 0.000000 1.000000
 outer loop
  vertex 0.000000 0.000000 0.000000
  vertex -43.000000 0.000000 0.000000
  vertex -42.867445 -3.373741 0.000000
 endloop
endfacet
facet normal 0.999229 0.039260 0.000000
 outer loop
  vertex -43.000000 0.000000 0.000000
  vertex -43.000000 0.000000 10.000000
  vertex -42.867445 -3.373741 10.000000
 endloop
endfacet
facet normal 0.999229 0.039260 0.000000
 outer loop
  vertex -43.000000 0.000000 0.000000
  vertex -42.867445 -3.373741 10.000000
  vertex -42.867445 -3.373741 0.000000
 endloop
endfacet
facet normal 0.000000 0.000000 -1.000000
 outer loop
  vertex -43.000000 0.000000 10.000000
  vertex -40.000000 0.000000 10.000000
  vertex -39.876693 -3.138364 10.000000
 endloop
endfacet
facet normal 0.000000 0.000000 -1.000000
 outer loop
  vertex -43.000000 0.000000 10.000000
  vertex -39.876693 -3.138364 10.000000
  vertex -42.867445 -3.373741 10.000000
 endloop
endfacet
facet normal -0.999229 -0.039260 0.000000
 outer loop
  vertex -40.000000 0.000000 10.000000
  vertex -40.000000 0.000000 3.000000
  vertex -39.876693 -3.138364 3.000000
 endloop
endfacet
facet normal -0.999229 -0.039260 0.000000
 outer loop
  vertex -40.000000 0.000000 10.000000
  vertex -39.876693 -3.138364 3.000000
  vertex -39.876693 -3.138364 10.000000
 endloop
endfacet
facet normal 0.000000 0.000000 -1.000000
 outer loop
  vertex -40.000000 0.000000 3.000000
  vertex 0.000000 0.000000 3.000000
  vertex -39.876693 -3.138364 3.000000
 endloop
endfacet
facet normal 0.000000 0.000000 1.000000
 outer loop
  vertex 0.000000 0.000000 0.000000
  vertex -42.867445 -3.373741 0.000000
  vertex -42.470599 -6.726682 0.000000
 endloop
endfacet
facet normal 0.993068 0.117537 0.000000
 outer loop
  vertex -42.867445 -3.373741 0.000000
  vertex -42.867445 -3.373741 10.000000
  vertex -42.470599 -6.726682 10.000000
 endloop
endfacet
facet normal 0.993068 0.117537 0.000000
 outer loop
  vertex -42.867445 -3.373741 0.000000
  vertex -42.470599 -6.726682 10.000000
  vertex -42.470599 -6.726682 0.000000
 endloop
endfacet
facet normal 0.000000 0.000000 -1.000000
 outer loop
  vertex -42.867445 -3.373741 10.000000
  vertex -39.876693 -3.138364 10.000000
  vertex -39.507534 -6.257379 10.000000
 endloop
endfacet
facet normal 0.000000 0.000000 -1.000000
 outer loop
  vertex -42.867445 -3.373741 10.000000
  vertex -39.507534 -6.257379 10.000000
  vertex -42.470599 -6.726682 10.000000
 endloop
endfacet
facet normal -0.993068 -0.117537 0.000000
 outer loop
  vertex -39.876693 -3.138364 10.000000
  vertex -39.876693 -3.138364 3.000000
  vertex -39.507534 -6.257379 3.000000
 endloop
endfacet
facet normal -0.993068 -0.117537 0.000000
 outer loop
  vertex -39.876693 -3.138364 10.000000
  vertex -39.507534 -6.257379 3.000000
  vertex -39.507534 -6.257379 10.000000
 endloop
endfacet
facet normal 0.000000 0.000000 -1.000000
 outer loop
  vertex -39.876693 -3.138364 3.000000
  vertex 0.000000 0.000000 3.000000
  vertex -39.507534 -6.257379 3.000000
 endloop
endfacet
facet normal 0.000000 0.000000 1.000000
 outer loop
  vertex 0.000000 0.000000 0.000000
  vertex -42.470599 -6.726682 0.000000
  vertex -41.811907 -10.038151 0.000000
 endloop
endfacet
facet normal 0.980785 0.195090 0.000000
 outer loop
  vertex -42.470599 -6.726682 0.000000
  vertex -42.470599 -6.726682 10.000000
  vertex -41.811907 -10.038151 10.000000
 endloop
endfacet
facet normal 0.980785 0.195090 0.000000
 outer loop
  vertex -42.470599 -6.726682 0.000000
  vertex -41.811907 -10.038151 10.000000
  vertex -41.811907 -10.038151 0.000000
 endloop
endfacet
facet normal 0.000000 0.000000 -1.000000
 outer loop
  vertex -42.470599 -6.726682 10.000000
  vertex -39.507534 -6.257379 10.000000
  vertex -38.894797 -9.337815 10.000000
 endloop
endfacet
facet normal 0.000000 0.000000 -1.000000
 outer loop
  vertex -42.470599 -6.726682 10.000000
  vertex -38.894797 -9.337815 10.000000
  vertex -41.811907 -10.038151 10.000000
 endloop
endfacet
facet normal -0.980785 -0.195090 0.000000
 outer loop
  vertex -39.507534 -6.257379 10.000000
  vertex -39.507534 -6.257379 3.000000
  vertex -38.894797 -9.337815 3.000000
 endloop
endfacet
facet normal -0.980785 -0.195090 0.000000
 outer loop
  vertex -39.507534 -6.257379 10.000000
  vertex -38.894797 -9.337815 3.000000
  vertex -38.894797 -9.337815 10.000000
 endloop
endfacet
facet normal 0.000000 0.000000 -1.000000
 outer loop
  vertex -39.507534 -6.257379 3.000000
  vertex 0.000000 0.000000 3.000000
  vertex -38.894797 -9.337815 3.000000
 endloop
endfacet
facet normal 0.000000 0.000000 1.000000
 outer loop
  vertex 0.000000 0.000000 0.000000
  vertex -41.811907 -10.038151 0.000000
  vertex -40.895430 -13.287731 0.000000
 endloop
endfacet
facet normal 0.962455 0.271440 0.000000
 outer loop
  vertex -41.811907 -10.038151 0.000000
  vertex -41.811907 -10.038151 10.000000
  vertex -40.895430 -13.287731 10.000000
 endloop
endfacet
facet normal 0.962455 0.271440 0.000000
 outer loop
  vertex -41.811907 -10.038151 0.000000
  vertex -40.895430 -13.287731 10.000000
  vertex -40.895430 -13.287731 0.000000
 endloop
endfacet
facet normal 0.000000 0.000000 -1.000000
 outer loop
  vertex -41.811907 -10.038151 10.000000
  vertex -38.894797 -9.337815 10.000000
  vertex -38.042261 -12.360680 10.000000
 endloop
endfacet
facet normal 0.000000 0.000000 -1.000000
 outer loop
  vertex -41.811907 -10.038151 10.000000
  vertex -38.042261 -12.360680 10.000000
  vertex -40.895430 -13.287731 10.000000
 endloop
endfacet
facet normal -0.962455 -0.271440 0.000000
 outer loop
  vertex -38.894797 -9.337815 10.000000
  vertex -38.894797 -9.337815 3.000000
  vertex -38.042261 -12.360680 3.000000
 endloop
endfacet
facet normal -0.962455 -0.271440 0.000000
 outer loop
  vertex -38.894797 -9.337815 10.000000
  vertex -38.042261 -12.360680 3.000000
  vertex -38.042261 -12.360680 10.000000
 endloop
endfacet
facet normal 0.000000 0.000000 -1.000000
 outer loop
  vertex -38.894797 -9.337815 3.000000
  vertex 0.000000 0.000000 3.000000
  vertex -38.042261 -12.360680 3.000000
 endloop
endfacet
facet normal 0.000000 0.000000 1.000000
 outer loop
  vertex 0.000000 0.000000 0.000000
  vertex -40.895430 -13.287731 0.000000
  vertex -39.726820 -16.455388 0.000000
 endloop
endfacet
facet normal 0.938191 0.346117 0.000000
 outer loop
  vertex -40.895430 -13.287731 0.000000
  vertex -40.895430 -13.287731 10.000000
  vertex -39.726820 -16.455388 10.000000
 endloop
endfacet
facet normal 0.938191 0.346117 0.000000
 outer loop
  vertex -40.895430 -13.287731 0.000000
  vertex -39.726820 -16.455388 10.000000
  vertex -39.726820 -16.455388 0.000000
 endloop
endfacet
facet normal 0.000000 0.000000 -1.000000
 outer loop
  vertex -40.895430 -13.287731 10.000000
  vertex -38.042261 -12.360680 10.000000
  vertex -36.955181 -15.307337 10.000000
 endloop
endfacet
facet normal 0.000000 0.000000 -1.000000
 outer loop
  vertex -40.895430 -13.287731 10.000000
  vertex -36.955181 -15.307337 10.000000
  vertex -39.726820 -16.455388 10.000000
 endloop
endfacet
facet normal -0.938191 -0.346117 0.000000
 outer loop
  vertex -38.042261 -12.360680 10.000000
  vertex -38.042261 -12.360680 3.000000
  vertex -36.955181 -15.307337 3.000000
 endloop
endfacet
facet normal -0.938191 -0.346117 0.000000
 outer loop
  vertex -38.042261 -12.360680 10.000000
  vertex -36.955181 -15.307337 3.000000
  vertex -36.955181 -15.307337 10.000000
 endloop
endfacet
facet normal 0.000000 0.000000 -1.000000
 outer loop
  vertex -38.042261 -12.360680 3.000000
  vertex 0.000000 0.000000 3.000000
  vertex -36.955181 -15.307337 3.000000
 endloop
endfacet
facet normal 0.000000 0.000000 1.000000
 outer loop
  vertex 0.000000 0.000000 0.000000
  vertex -39.726820 -16.455388 0.000000
  vertex -38.313281 -19.521591 0.000000
 endloop
endfacet
facet normal 0.908143 0.418660 0.000000
 outer loop
  vertex -39.726820 -16.455388 0.000000
  vertex -39.726820 -16.455388 10.000000
  vertex -38.313281 -19.521591 10.000000
 endloop
endfacet
facet normal 0.908143 0.418660 0.000000
 outer loop
  vertex -39.726820 -16.455388 0.000000
  vertex -38.313281 -19.521591 10.000000
  vertex -38.313281 -19.521591 0.000000
 endloop
endfacet
facet normal 0.000000 0.000000 -1.000000
 outer loop
  vertex -39.726820 -16.455388 10.000000
  vertex -36.955181 -15.307337 10.000000
  vertex -35.640261 -18.159620 10.000000
 endloop
endfacet
facet normal 0.000000 0.000000 -1.000000
 outer loop
  vertex -39.726820 -16.455388 10.000000
  vertex -35.640261 -18.159620 10.000000
  vertex -38.313281 -19.521591 10.000000
 endloop
endfacet
facet normal -0.908143 -0.418660 0.000000
 outer loop
  vertex -36.955181 -15.307337 10.000000
  vertex -36.955181 -15.307337 3.000000
  vertex -35.640261 -18.159620 3.000000
 endloop
endfacet
facet normal -0.908143 -0.418660 0.000000
 outer loop
  vertex -36.955181 -15.307337 10.000000
  vertex -35.640261 -18.159620 3.000000
  vertex -35.640261 -18.159620 10.000000
 endloop
endfacet
facet normal 0.000000 0.000000 -1.000000
 outer loop
  vertex -36.955181 -15.307337 3.000000
  vertex 0.000000 0.000000 3.000000
  vertex -35.640261 -18.159620 3.000000
 endloop
endfacet
facet normal 0.000000 0.000000 1.000000
 outer loop
  vertex 0.000000 0.000000 0.000000
  vertex -38.313281 -19.521591 0.000000
  vertex -36.663527 -22.467438 0.000000
 endloop
endfacet
facet normal 0.872496 0.488621 0.000000
 outer loop
  vertex -38.313281 -19.521591 0.000000
  vertex -38.313281 -19.521591 10.000000
  vertex -36.663527 -22.467438 10.000000
 endloop
endfacet
facet normal 0.872496 0.488621 0.000000
 outer loop
  vertex -38.313281 -19.521591 0.000000
  vertex -36.663527 -22.467438 10.000000
  vertex -36.663527 -22.467438 0.000000
 endloop
endfacet
facet normal 0.000000 0.000000 -1.000000
 outer loop
  vertex -38.313281 -19.521591 10.000000
  vertex -35.640261 -18.159620 10.000000
  vertex -34.105607 -20.899943 10.000000
 endloop
endfacet
facet normal 0.000000 0.000000 -1.000000
 outer loop
  vertex -38.313281 -19.521591 10.000000
  vertex -34.105607 -20.899943 10.000000
  vertex -36.663527 -22.467438 10.000000
 endloop
endfacet
facet normal -0.872496 -0.488621 0.000000
 outer loop
  vertex -35.640261 -18.159620 10.000000
  vertex -35.640261 -18.159620 3.000000
  vertex -34.105607 -20.899943 3.000000
 endloop
endfacet
facet normal -0.872496 -0.488621 0.000000
 outer loop
  vertex -35.640261 -18.159620 10.000000
  vertex -34.105607 -20.899943 3.000000
  vertex -34.105607 -20.899943 10.000000
 endloop
endfacet
facet normal 0.000000 0.000000 -1.000000
 outer loop
  vertex -35.640261 -18.159620 3.000000
  vertex 0.000000 0.000000 3.000000
  vertex -34.105607 -20.899943 3.000000
 endloop
endfacet
facet normal 0.000000 0.000000 1.000000
 outer loop
  vertex 0.000000 0.000000 0.000000
  vertex -36.663527 -22.467438 0.000000
  vertex -34.787731 -25.274766 0.000000
 endloop
endfacet
facet normal 0.831470 0.555570 0.000000
 outer loop
  vertex -36.663527 -22.467438 0.000000
  vertex -36.663527 -22.467438 10.000000
  vertex -34.787731 -25.274766 10.000000
 endloop
endfacet
facet normal 0.831470 0.555570 0.000000
 outer loop
  vertex -36.663527 -22.467438 0.000000
  vertex -34.787731 -25.274766 10.000000
  vertex -34.787731 -25.274766 0.000000
 endloop
endfacet
facet normal 0.000000 0.000000 -1.000000
 outer loop
  vertex -36.663527 -22.467438 10.000000
  vertex -34.105607 -20.899943 10.000000
  vertex -32.360680 -23.511410 10.000000
 endloop
endfacet
facet normal 0.000000 0.000000 -1.000000
 outer loop
  vertex -36.663527 -22.467438 10.000000
  vertex -32.360680 -23.511410 10.000000
  vertex -34.787731 -25.274766 10.000000
 endloop
endfacet
facet normal -0.831470 -0.555570 0.000000
 outer loop
  vertex -34.105607 -20.899943 10.000000
  vertex -34.105607 -20.899943 3.000000
  vertex -32.360680 -23.511410 3.000000
 endloop
endfacet
facet normal -0.831470 -0.555570 0.000000
 outer loop
  vertex -34.105607 -20.899943 10.000000
  vertex -32.360680 -23.511410 3.000000
  vertex -32.360680 -23.511410 10.000000
 endloop
endfacet
facet normal 0.000000 0.000000 -1.000000
 outer loop
  vertex -34.105607 -20.899943 3.000000
  vertex 0.000000 0.000000 3.000000
  vertex -32.360680 -23.511410 3.000000
 endloop
endfacet
facet normal 0.000000 0.000000 1.000000
 outer loop
  vertex 0.000000 0.000000 0.000000
  vertex -34.787731 -25.274766 0.000000
  vertex -32.697457 -27.926266 0.000000
 endloop
endfacet
facet normal 0.785317 0.619094 0.000000
 outer loop
  vertex -34.787731 -25.274766 0.000000
  vertex -34.787731 -25.274766 10.000000
  vertex -32.697457 -27.926266 10.000000
 endloop
endfacet
facet normal 0.785317 0.619094 0.000000
 outer loop
  vertex -34.787731 -25.274766 0.000000
  vertex -32.697457 -27.926266 10.000000
  vertex -32.697457 -27.926266 0.000000
 endloop
endfacet
facet normal 0.000000 0.000000 -1.000000
 outer loop
  vertex -34.787731 -25.274766 10.000000
  vertex -32.360680 -23.511410 10.000000
  vertex -30.416239 -25.977922 10.000000
 endloop
endfacet
facet normal 0.000000 0.000000 -1.000000
 outer loop
  vertex -34.787731 -25.274766 10.000000
  vertex -30.416239 -25.977922 10.000000
  vertex -32.697457 -27.926266 10.000000
 endloop
endfacet
facet normal -0.785317 -0.619094 0.000000
 outer loop
  vertex -32.360680 -23.511410 10.000000
  vertex -32.360680 -23.511410 3.000000
  vertex -30.416239 -25.977922 3.000000
 endloop
endfacet
facet normal -0.785317 -0.619094 0.000000
 outer loop
  vertex -32.360680 -23.511410 10.000000
  vertex -30.416239 -25.977922 3.000000
  vertex -30.416239 -25.977922 10.000000
 endloop
endfacet
facet normal 0.000000 0.000000 -1.000000
 outer loop
  vertex -32.360680 -23.511410 3.000000
  vertex 0.000000 0.000000 3.000000
  vertex -30.416239 -25.977922 3.000000
 endloop
endfacet
facet normal 0.000000 0.000000 1.000000
 outer loop
  vertex 0.000000 0.000000 0.000000
  vertex -32.697457 -27.926266 0.000000
  vertex -30.405592 -30.405592 0.000000
 endloop
endfacet
facet normal 0.734323 0.678801 0.000000
 outer loop
  vertex -32.697457 -27.926266 0.000000
  vertex -32.697457 -27.926266 10.000000
  vertex -30.405592 -30.405592 10.000000
 endloop
endfacet
facet normal 0.734323 0.678801 0.000000
 outer loop
  vertex -32.697457 -27.926266 0.000000
  vertex -30.405592 -30.405592 10.000000
  vertex -30.405592 -30.405592 0.000000
 endloop
endfacet
facet normal 0.000000 0.000000 -1.000000
 outer loop
  vertex -32.697457 -27.926266 10.000000
  vertex -30.416239 -25.977922 10.000000
  vertex -28.284271 -28.284271 10.000000
 endloop
endfacet
facet normal 0.000000 0.000000 -1.000000
 outer loop
  vertex -32.697457 -27.926266 10.000000
  vertex -28.284271 -28.284271 10.000000
  vertex -30.405592 -30.405592 10.000000
 endloop
endfacet
facet normal -0.734323 -0.678801 0.000000
 outer loop
  vertex -30.416239 -25.977922 10.000000
  vertex -30.416239 -25.977922 3.000000
  vertex -28.284271 -28.284271 3.000000
 endloop
endfacet
facet normal -0.734323 -0.678801 0.000000
 outer loop
  vertex -30.416239 -25.977922 10.000000
  vertex -28.284271 -28.284271 3.000000
  vertex -28.284271 -28.284271 10.000000
 endloop
endfacet
facet normal 0.000000 0.000000 -1.000000
 outer loop
  vertex -30.416239 -25.977922 3.000000
  vertex 0.000000 0.000000 3.000000
  vertex -28.284271 -28.284271 3.000000
 endloop
endfacet
facet normal 0.000000 0.000000 1.000000
 outer loop
  vertex 0.000000 0.000000 0.000000
  vertex -30.405592 -30.405592 0.000000
  vertex -27.926266 -32.697457 0.000000
 endloop
endfacet
facet normal 0.678801 0.734323 0.000000
 outer loop
  vertex -30.405592 -30.405592 0.000000
  vertex -30.405592 -30.405592 10.000000
  vertex -27.926266 -32.697457 10.000000
 endloop
endfacet
facet normal 0.678801 0.734323 0.000000
 outer loop
  vertex -30.405592 -30.405592 0.000000
  vertex -27.926266 -32.697457 10.000000
  vertex -27.926266 -32.697457 0.000000
 endloop
endfacet
facet normal 0.000000 0.000000 -1.000000
 outer loop
  vertex -30.405592 -30.405592 10.000000
  vertex -28.284271 -28.284271 10.000000
  vertex -25.977922 -30.416239 10.000000
 endloop
endfacet
facet normal 0.000000 0.000000 -1.000000
 outer loop
  vertex -30.405592 -30.405592 10.000000
  vertex -25.977922 -30.416239 10.000000
  vertex -27.926266 -32.697457 10.000000
 endloop
endfacet
facet normal -0.678801 -0.734323 0.000000
 outer loop
  vertex -28.284271 -28.284271 10.000000
  vertex -28.284271 -28.284271 3.000000
  vertex -25.977922 -30.416239 3.000000
 endloop
endfacet
facet normal -0.678801 -0.734323 0.000000
 outer loop
  vertex -28.284271 -28.284271 10.000000
  vertex -25.977922 -30.416239 3.000000
  vertex -25.977922 -30.416239 10.000000
 endloop
endfacet
facet normal 0.000000 0.000000 -1.000000
 outer loop
  vertex -28.284271 -28.284271 3.000000
  vertex 0.000000 0.000000 3.000000
  vertex -25.977922 -30.416239 3.000000
 endloop
endfacet
facet normal 0.000000 0.000000 1.000000
 outer loop
  vertex 0.000000 0.000000 0.000000
  vertex -27.926266 -32.697457 0.000000
  vertex -25.274766 -34.787731 0.000000
 endloop
endfacet
facet normal 0.619094 0.785317 0.000000
 outer loop
  vertex -27.926266 -32.697457 0.000000
  vertex -27.926266 -32.697457 10.000000
  vertex -25.274766 -34.787731 10.000000
 endloop
endfacet
facet normal 0.619094 0.785317 0.000000
 outer loop
  vertex -27.926266 -32.697457 0.000000
  vertex -25.274766 -34.787731 10.000000
  vertex -25.274766 -34.787731 0.000000
 endloop
endfacet
facet normal 0.000000 0.000000 -1.000000
 outer loop
  vertex -27.926266 -32.697457 10.000000
  vertex -25.977922 -30.416239 10.000000
  vertex -23.511410 -32.360680 10.000000
 endloop
endfacet
facet normal 0.000000 0.000000 -1.000000
 outer loop
  vertex -27.926266 -32.697457 10.000000
  vertex -23.511410 -32.360680 10.000000
  vertex -25.274766 -34.787731 10.000000
 endloop
endfacet
facet normal -0.619094 -0.785317 0.000000
 outer loop
  vertex -25.977922 -30.416239 10.000000
  vertex -25.977922 -30.416239 3.000000
  vertex -23.511410 -32.360680 3.000000
 endloop
endfacet
facet normal -0.619094 -0.785317 0.000000
 outer loop
  vertex -25.977922 -30.416239 10.000000
  vertex -23.511410 -32.360680 3.000000
  vertex -23.511410 -32.360680 10.000000
 endloop
endfacet
facet normal 0.000000 0.000000 -1.000000
 outer loop
  vertex -25.977922 -30.416239 3.000000
  vertex 0.000000 0.000000 3.000000
  vertex -23.511410 -32.360680 3.000000
 endloop
endfacet
facet normal 0.000000 0.000000 1.000000
 outer loop
  vertex 0.000000 0.000000 0.000000
  vertex -25.274766 -34.787731 0.000000
  vertex -22.467438 -36.663527 0.000000
 endloop
endfacet
facet normal 0.555570 0.831470 0.000000
 outer loop
  vertex -25.274766 -34.787731 0.000000
  vertex -25.274766 -34.787731 10.000000
  vertex -22.467438 -36.663527 10.000000
 endloop
endfacet
facet normal 0.555570 0.831470 0.000000
 outer loop
  vertex -25.274766 -34.787731 0.000000
  vertex -22.467438 -36.663527 10.000000
  vertex -22.467438 -36.663527 0.000000
 endloop
endfacet
facet normal 0.000000 0.000000 -1.000000
 outer loop
  vertex -25.274766 -34.787731 10.000000
  vertex -23.511410 -32.360680 10.000000
  vertex -20.899943 -34.105607 10.000000
 endloop
endfacet
facet normal 0.000000 0.000000 -1.000000
 outer loop
  vertex -25.274766 -34.787731 10.000000
  vertex -20.899943 -34.105607 10.000000
  vertex -22.467438 -36.663527 10.000000
 endloop
endfacet
facet normal -0.555570 -0.831470 0.000000
 outer loop
  vertex -23.511410 -32.360680 10.000000
  vertex -23.511410 -32.360680 3.000000
  vertex -20.899943 -34.105607 3.000000
 endloop
endfacet
facet normal -0.555570 -0.831470 0.000000
 outer loop
  vertex -23.511410 -32.360680 10.000000
  vertex -20.899943 -34.105607 3.000000
  vertex -20.899943 -34.105607 10.000000
 endloop
endfacet
facet normal 0.000000 0.000000 -1.000000
 outer loop
  vertex -23.511410 -32.360680 3.000000
  vertex 0.000000 0.000000 3.000000
  vertex -20.899943 -34.105607 3.000000
 endloop
endfacet
facet normal 0.000000 0.000000 1.000000
 outer loop
  vertex 0.000000 0.000000 0.000000
  vertex -22.467438 -36.663527 0.000000
  vertex -19.521591 -38.313281 0.000000
 endloop
endfacet
facet normal 0.488621 0.872496 0.000000
 outer loop
  vertex -22.467438 -36.663527 0.000000
  vertex -22.467438 -36.663527 10.000000
  vertex -19.521591 -38.313281 10.000000
 endloop
endfacet
facet normal 0.488621 0.872496 0.000000
 outer loop
  vertex -22.467438 -36.663527 0.000000
  vertex -19.521591 -38.313281 10.000000
  vertex -19.521591 -38.313281 0.000000
 endloop
endfacet
facet normal 0.000000 0.000000 -1.000000
 outer loop
  vertex -22.467438 -36.663527 10.000000
  vertex -20.899943 -34.105607 10.000000
  vertex -18.159620 -35.640261 10.000000
 endloop
endfacet
facet normal 0.000000 0.000000 -1.000000
 outer loop
  vertex -22.467438 -36.663527 10.000000
  vertex -18.159620 -35.640261 10.000000
  vertex -19.521591 -38.313281 10.000000
 endloop
endfacet
facet normal -0.488621 -0.872496 0.000000
 outer loop
  vertex -20.899943 -34.105607 10.000000
  vertex -20.899943 -34.105607 3.000000
  vertex -18.159620 -35.640261 3.000000
 endloop
endfacet
facet normal -0.488621 -0.872496 0.000000
 outer loop
  vertex -20.899943 -34.105607 10.000000
  vertex -18.159620 -35.640261 3.000000
  vertex -18.159620 -35.640261 10.000000
 endloop
endfacet
facet normal 0.000000 0.000000 -1.000000
 outer loop
  vertex -20.899943 -34.105607 3.000000
  vertex 0.000000 0.000000 3.000000
  vertex -18.159620 -35.640261 3.000000
 endloop
endfacet
facet normal 0.000000 0.000000 1.000000
 outer loop
  vertex 0.000000 0.000000 0.000000
  vertex -19.521591 -38.313281 0.000000
  vertex -16.455388 -39.726820 0.000000
 endloop
endfacet
facet normal 0.418660 0.908143 0.000000
 outer loop
  vertex -19.521591 -38.313281 0.000000
  vertex -19.521591 -38.313281 10.000000
  vertex -16.455388 -39.726820 10.000000
 endloop
endfacet
facet normal 0.418660 0.908143 0.000000
 outer loop
  vertex -19.521591 -38.313281 0.000000
  vertex -16.455388 -39.726820 10.000000
  vertex -16.455388 -39.726820 0.000000
 endloop
endfacet
facet normal 0.000000 0.000000 -1.000000
 outer loop
  vertex -19.521591 -38.313281 10.000000
  vertex -18.159620 -35.640261 10.000000
  vertex -15.307337 -36.955181 10.000000
 endloop
endfacet
facet normal 0.000000 0.000000 -1.000000
 outer loop
  vertex -19.521591 -38.313281 10.000000
  vertex -15.307337 -36.955181 10.000000
  vertex -16.455388 -39.726820 10.000000
 endloop
endfacet
facet normal -0.418660 -0.908143 0.000000
 outer loop
  vertex -18.159620 -35.640261 10.000000
  vertex -18.159620 -35.640261 3.000000
  vertex -15.307337 -36.955181 3.000000
 endloop
endfacet
facet normal -0.418660 -0.908143 0.000000
 outer loop
  vertex -18.159620 -35.640261 10.000000
  vertex -15.307337 -36.955181 3.000000
  vertex -15.307337 -36.955181 10.000000
 endloop
endfacet
facet normal 0.000000 0.000000 -1.000000
 outer loop
  vertex -18.159620 -35.640261 3.000000
  vertex 0.000000 0.000000 3.000000
  vertex -15.307337 -36.955181 3.000000
 endloop
endfacet
facet normal 0.000000 0.000000 1.000000
 outer loop
  vertex 0.000000 0.000000 0.000000
  vertex -16.455388 -39.726820 0.000000
  vertex -13.287731 -40.895430 0.000000
 endloop
endfacet
facet normal 0.346117 0.938191 0.000000
 outer loop
  vertex -16.455388 -39.726820 0.000000
  vertex -16.455388 -39.726820 10.000000
  vertex -13.287731 -40.895430 10.000000
 endloop
endfacet
facet normal 0.346117 0.938191 0.000000
 outer loop
  vertex -16.455388 -39.726820 0.000000
  vertex -13.287731 -40.895430 10.000000
  vertex -13.287731 -40.895430 0.000000
 endloop
endfacet
facet normal 0.000000 0.000000 -1.000000
 outer loop
  vertex -16.455388 -39.726820 10.000000
  vertex -15.307337 -36.955181 10.000000
  vertex -12.360680 -38.042261 10.000000
 endloop
endfacet
facet normal 0.000000 0.000000 -1.000000
 outer loop
  vertex -16.455388 -39.726820 10.000000
  vertex -12.360680 -38.042261 10.000000
  vertex -13.287731 -40.895430 10.000000
 endloop
endfacet
facet normal -0.346117 -0.938191 0.000000
 outer loop
  vertex -15.307337 -36.955181 10.000000
  vertex -15.307337 -36.955181 3.000000
  vertex -12.360680 -38.042261 3.000000
 endloop
endfacet
facet normal -0.346117 -0.938191 0.000000
 outer loop
  vertex -15.307337 -36.955181 10.000000
  vertex -12.360680 -38.042261 3.000000
  vertex -12.360680 -38.042261 10.000000
 endloop
endfacet
facet normal 0.000000 0.000000 -1.000000
 outer loop
  vertex -15.307337 -36.955181 3.000000
  vertex 0.000000 0.000000 3.000000
  vertex -12.360680 -38.042261 3.000000
 endloop
endfacet
facet normal 0.000000 0.000000 1.000000
 outer loop
  vertex 0.000000 0.000000 0.000000
  vertex -13.287731 -40.895430 0.000000
  vertex -10.038151 -41.811907 0.000000
 endloop
endfacet
facet normal 0.271440 0.962455 0.000000
 outer loop
  vertex -13.287731 -40.895430 0.000000
  vertex -13.287731 -40.895430 10.000000
  vertex -10.038151 -41.811907 10.000000
 endloop
endfacet
facet normal 0.271440 0.962455 0.000000
 outer loop
  vertex -13.287731 -40.895430 0.000000
  vertex -10.038151 -41.811907 10.000000
  vertex -10.038151 -41.811907 0.000000
 endloop
endfacet
facet normal 0.000000 0.000000 -1.000000
 outer loop
  vertex -13.287731 -40.895430 10.000000
  vertex -12.360680 -38.042261 10.000000
  vertex -9.337815 -38.894797 10.000000
 endloop
endfacet
facet normal 0.000000 0.000000 -1.000000
 outer loop
  vertex -13.287731 -40.895430 10.000000
  vertex -9.337815 -38.894797 10.000000
  vertex -10.038151 -41.811907 10.000000
 endloop
endfacet
facet normal -0.271440 -0.962455 0.000000
 outer loop
  vertex -12.360680 -38.042261 10.000000
  vertex -12.360680 -38.042261 3.000000
  vertex -9.337815 -38.894797 3.000000
 endloop
endfacet
facet normal -0.271440 -0.962455 0.000000
 outer loop
  vertex -12.360680 -38.042261 10.000000
  vertex -9.337815 -38.894797 3.000000
  vertex -9.337815 -38.894797 10.000000
 endloop
endfacet
facet normal 0.000000 0.000000 -1.000000
 outer loop
  vertex -12.360680 -38.042261 3.000000
  vertex 0.000000 0.000000 3.000000
  vertex -9.337815 -38.894797 3.000000
 endloop
endfacet
facet normal 0.000000 0.000000 1.000000
 outer loop
  vertex 0.000000 0.000000 0.000000
  vertex -10.038151 -41.811907 0.000000
  vertex -6.726682 -42.470599 0.000000
 endloop
endfacet
facet normal 0.195090 0.980785 0.000000
 outer loop
  vertex -10.038151 -41.811907 0.000000
  vertex -10.038151 -41.811907 10.000000
  vertex -6.726682 -42.470599 10.000000
 endloop
endfacet
facet normal 0.195090 0.980785 0.000000
 outer loop
  vertex -10.038151 -41.811907 0.000000
  vertex -6.726682 -42.470599 10.000000
  vertex -6.726682 -42.470599 0.000000
 endloop
endfacet
facet normal 0.000000 0.000000 -1.000000
 outer loop
  vertex -10.038151 -41.811907 10.000000
  vertex -9.337815 -38.894797 10.000000
  vertex -6.257379 -39.507534 10.000000
 endloop
endfacet
facet normal 0.000000 0.000000 -1.000000
 outer loop
  vertex -10.038151 -41.811907 10.000000
  vertex -6.257379 -39.507534 10.000000
  vertex -6.726682 -42.470599 10.000000
 endloop
endfacet
facet normal -0.195090 -0.980785 0.000000
 outer loop
  vertex -9.337815 -38.894797 10.000000
  vertex -9.337815 -38.894797 3.000000
  vertex -6.257379 -39.507534 3.000000
 endloop
endfacet
facet normal -0.195090 -0.980785 0.000000
 outer loop
  vertex -9.337815 -38.894797 10.000000
  vertex -6.257379 -39.507534 3.000000
  vertex -6.257379 -39.507534 10.000000
 endloop
endfacet
facet normal 0.000000 0.000000 -1.000000
 outer loop
  vertex -9.337815 -38.894797 3.000000
  vertex 0.000000 0.000000 3.000000
  vertex -6.257379 -39.507534 3.000000
 endloop
endfacet
facet normal 0.000000 0.000000 1.000000
 outer loop
  vertex 0.000000 0.000000 0.000000
  vertex -6.726682 -42.470599 0.000000
  vertex -3.373741 -42.867445 0.000000
 endloop
endfacet
facet normal 0.117537 0.993068 0.000000
 outer loop
  vertex -6.726682 -42.470599 0.000000
  vertex -6.726682 -42.470599 10.000000
  vertex -3.373741 -42.867445 10.000000
 endloop
endfacet
facet normal 0.117537 0.993068 0.000000
 outer loop
  vertex -6.726682 -42.470599 0.000000
  vertex -3.373741 -42.867445 10.000000
  vertex -3.373741 -42.867445 0.000000
 endloop
endfacet
facet normal 0.000000 0.000000 -1.000000
 outer loop
  vertex -6.726682 -42.470599 10.000000
  vertex -6.257379 -39.507534 10.000000
  vertex -3.138364 -39.876693 10.000000
 endloop
endfacet
facet normal 0.000000 0.000000 -1.000000
 outer loop
  vertex -6.726682 -42.470599 10.000000
  vertex -3.138364 -39.876693 10.000000
  vertex -3.373741 -42.867445 10.000000
 endloop
endfacet
facet normal -0.117537 -0.993068 0.000000
 outer loop
  vertex -6.257379 -39.507534 10.000000
  vertex -6.257379 -39.507534 3.000000
  vertex -3.138364 -39.876693 3.000000
 endloop
endfacet
facet normal -0.117537 -0.993068 0.000000
 outer loop
  vertex -6.257379 -39.507534 10.000000
  vertex -3.138364 -39.876693 3.000000
  vertex -3.138364 -39.876693 10.000000
 endloop
endfacet
facet normal 0.000000 0.000000 -1.000000
 outer loop
  vertex -6.257379 -39.507534 3.000000
  vertex 0.000000 0.000000 3.000000
  vertex -3.138364 -39.876693 3.000000
 endloop
endfacet
facet normal 0.000000 0.000000 1.000000
 outer loop
  vertex 0.000000 0.000000 0.000000
  vertex -3.373741 -42.867445 0.000000
  vertex -0.000000 -43.000000 0.000000
 endloop
endfacet
facet normal 0.039260 0.999229 0.000000
 outer loop
  vertex -3.373741 -42.867445 0.000000
  vertex -3.373741 -42.867445 10.000000
  vertex -0.000000 -43.000000 10.000000
 endloop
endfacet
facet normal 0.039260 0.999229 0.000000
 outer loop
  vertex -3.373741 -42.867445 0.000000
  vertex -0.000000 -43.000000 10.000000
  vertex -0.000000 -43.000000 0.000000
 endloop
endfacet
facet normal 0.000000 0.000000 -1.000000
 outer loop
  vertex -3.373741 -42.867445 10.000000
  vertex -3.138364 -39.876693 10.000000
  vertex -0.000000 -40.000000 10.000000
 endloop
endfacet
facet normal 0.000000 0.000000 -1.000000
 outer loop
  vertex -3.373741 -42.867445 10.000000
  vertex -0.000000 -40.000000 10.000000
  vertex -0.000000 -43.000000 10.000000
 endloop
endfacet
facet normal -0.039260 -0.999229 0.000000
 outer loop
  vertex -3.138364 -39.876693 10.000000
  vertex -3.138364 -39.876693 3.000000
  vertex -0.000000 -40.000000 3.000000
 endloop
endfacet
facet normal -0.039260 -0.999229 0.000000
 outer loop
  vertex -3.138364 -39.876693 10.000000
  vertex -0.000000 -40.000000 3.000000
  vertex -0.000000 -40.000000 10.000000
 endloop
endfacet
facet normal 0.000000 0.000000 -1.000000
 outer loop
  vertex -3.138364 -39.876693 3.000000
  vertex 0.000000 0.000000 3.000000
  vertex -0.000000 -40.000000 3.000000
 endloop
endfacet
facet normal 0.000000 0.000000 1.000000
 outer loop
  vertex 0.000000 0.000000 0.000000
  vertex -0.000000 -43.000000 0.000000
  vertex 3.373741 -42.867445 0.000000
 endloop
endfacet
facet normal -0.039260 0.999229 0.000000
 outer loop
  vertex -0.000000 -43.000000 0.000000
  vertex -0.000000 -43.000000 10.000000
  vertex 3.373741 -42.867445 10.000000
 endloop
endfacet
facet normal -0.039260 0.999229 0.000000
 outer loop
  vertex -0.000000 -43.000000 0.000000
  vertex 3.373741 -42.867445 10.000000
  vertex 3.373741 -42.867445 0.000000
 endloop
endfacet
facet normal 0.000000 0.000000 -1.000000
 outer loop
  vertex -0.000000 -43.000000 10.000000
  vertex -0.000000 -40.000000 10.000000
  vertex 3.138364 -39.876693 10.000000
 endloop
endfacet
facet normal 0.000000 0.000000 -1.000000
 outer loop
  vertex -0.000000 -43.000000 10.000000
  vertex 3.138364 -39.876693 10.000000
  vertex 3.373741 -42.867445 10.000000
 endloop
endfacet
facet normal 0.039260 -0.999229 0.000000
 outer loop
  vertex -0.000000 -40.000000 10.000000
  vertex -0.000000 -40.000000 3.000000
  vertex 3.138364 -39.876693 3.000000
 endloop
endfacet
facet normal 0.039260 -0.999229 0.000000
 outer loop
  vertex -0.000000 -40.000000 10.000000
  vertex 3.138364 -39.876693 3.000000
  vertex 3.138364 -39.876693 10.000000
 endloop
endfacet
facet normal 0.000000 0.000000 -1.000000
 outer loop
  vertex -0.000000 -40.000000 3.000000
  vertex 0.000000 0.000000 3.000000
  vertex 3.138364 -39.876693 3.000000
 endloop
endfacet
facet normal 0.000000 0.000000 1.000000
 outer loop
  vertex 0.000000 0.000000 0.000000
  vertex 3.373741 -42.867445 0.000000
  vertex 6.726682 -42.470599 0.000000
 endloop
endfacet
facet normal -0.117537 0.993068 0.000000
 outer loop
  vertex 3.373741 -42.867445 0.000000
  vertex 3.373741 -42.867445 10.000000
  vertex 6.726682 -42.470599 10.000000
 endloop
endfacet
facet normal -0.117537 0.993068 0.000000
 outer loop
  vertex 3.373741 -42.867445 0.000000
  vertex 6.726682 -42.470599 10.000000
  vertex 6.726682 -42.470599 0.000000
 endloop
endfacet
facet normal 0.000000 0.000000 -1.000000
 outer loop
  vertex 3.373741 -42.867445 10.000000
  vertex 3.138364 -39.876693 10.000000
  vertex 6.257379 -39.507534 10.000000
 endloop
endfacet
facet normal 0.000000 0.000000 -1.000000
 outer loop
  vertex 3.373741 -42.867445 10.000000
  vertex 6.257379 -39.507534 10.000000
  vertex 6.726682 -42.470599 10.000000
 endloop
endfacet
facet normal 0.117537 -0.993068 0.000000
 outer loop
  vertex 3.138364 -39.876693 10.000000
  vertex 3.138364 -39.876693 3.000000
  vertex 6.257379 -39.507534 3.000000
 endloop
endfacet
facet normal 0.117537 -0.993068 0.000000
 outer loop
  vertex 3.138364 -39.876693 10.000000
  vertex 6.257379 -39.507534 3.000000
  vertex 6.257379 -39.507534 10.000000
 endloop
endfacet
facet normal 0.000000 0.000000 -1.000000
 outer loop
  vertex 3.138364 -39.876693 3.000000
  vertex 0.000000 0.000000 3.000000
  vertex 6.257379 -39.507534 3.000000
 endloop
endfacet
facet normal 0.000000 0.000000 1.000000
 outer loop
  vertex 0.000000 0.000000 0.000000
  vertex 6.726682 -42.470599 0.000000
  vertex 10.038151 -41.811907 0.000000
 endloop
endfacet
facet normal -0.195090 0.980785 0.000000
 outer loop
  vertex 6.726682 -42.470599 0.000000
  vertex 6.726682 -42.470599 10.000000
  vertex 10.038151 -41.811907 10.000000
 endloop
endfacet
facet normal -0.195090 0.980785 0.000000
 outer loop
  vertex 6.726682 -42.470599 0.000000
  vertex 10.038151 -41.811907 10.000000
  vertex 10.038151 -41.811907 0.000000
 endloop
endfacet
facet normal 0.000000 0.000000 -1.000000
 outer loop
  vertex 6.726682 -42.470599 10.000000
  vertex 6.257379 -39.507534 10.000000
  vertex 9.337815 -38.894797 10.000000
 endloop
endfacet
facet normal 0.000000 0.000000 -1.000000
 outer loop
  vertex 6.726682 -42.470599 10.000000
  vertex 9.337815 -38.894797 10.000000
  vertex 10.038151 -41.811907 10.000000
 endloop
endfacet
facet normal 0.195090 -0.980785 0.000000
 outer loop
  vertex 6.257379 -39.507534 10.000000
  vertex 6.257379 -39.507534 3.000000
  vertex 9.337815 -38.894797 3.000000
 endloop
endfacet
facet normal 0.195090 -0.980785 0.000000
 outer loop
  vertex 6.257379 -39.507534 10.000000
  vertex 9.337815 -38.894797 3.000000
  vertex 9.337815 -38.894797 10.000000
 endloop
endfacet
facet normal 0.000000 0.000000 -1.000000
 outer loop
  vertex 6.257379 -39.507534 3.000000
  vertex 0.000000 0.000000 3.000000
  vertex 9.337815 -38.894797 3.000000
 endloop
endfacet
facet normal 0.000000 0.000000 1.000000
 outer loop
  vertex 0.000000 0.000000 0.000000
  vertex 10.038151 -41.811907 0.000000
  vertex 13.287731 -40.895430 0.000000
 endloop
endfacet
facet normal -0.271440 0.962455 0.000000
 outer loop
  vertex 10.038151 -41.811907 0.000000
  vertex 10.038151 -41.811907 10.000000
  vertex 13.287731 -40.895430 10.000000
 endloop
endfacet
facet normal -0.271440 0.962455 0.000000
 outer loop
  vertex 10.038151 -41.811907 0.000000
  vertex 13.287731 -40.895430 10.000000
  vertex 13.287731 -40.895430 0.000000
 endloop
endfacet
facet normal 0.000000 0.000000 -1.000000
 outer loop
  vertex 10.038151 -41.811907 10.000000
  vertex 9.337815 -38.894797 10.000000
  vertex 12.360680 -38.042261 10.000000
 endloop
endfacet
facet normal 0.000000 0.000000 -1.000000
 outer loop
  vertex 10.038151 -41.811907 10.000000
  vertex 12.360680 -38.042261 10.000000
  vertex 13.287731 -40.895430 10.000000
 endloop
endfacet
facet normal 0.271440 -0.962455 0.000000
 outer loop
  vertex 9.337815 -38.894797 10.000000
  vertex 9.337815 -38.894797 3.000000
  vertex 12.360680 -38.042261 3.000000
 endloop
endfacet
facet normal 0.271440 -0.962455 0.000000
 outer loop
  vertex 9.337815 -38.894797 10.000000
  vertex 12.360680 -38.042261 3.000000
  vertex 12.360680 -38.042261 10.000000
 endloop
endfacet
facet normal 0.000000 0.000000 -1.000000
 outer loop
  vertex 9.337815 -38.894797 3.000000
  vertex 0.000000 0.000000 3.000000
  vertex 12.360680 -38.042261 3.000000
 endloop
endfacet
facet normal 0.000000 0.000000 1.000000
 outer loop
  vertex 0.000000 0.000000 0.000000
  vertex 13.287731 -40.895430 0.000000
  vertex 16.455388 -39.726820 0.000000
 endloop
endfacet
facet normal -0.346117 0.938191 0.000000
 outer loop
  vertex 13.287731 -40.895430 0.000000
  vertex 13.287731 -40.895430 10.000000
  vertex 16.455388 -39.726820 10.000000
 endloop
endfacet
facet normal -0.346117 0.938191 0.000000
 outer loop
  vertex 13.287731 -40.895430 0.000000
  vertex 16.455388 -39.726820 10.000000
  vertex 16.455388 -39.726820 0.000000
 endloop
endfacet
facet normal 0.000000 0.000000 -1.000000
 outer loop
  vertex 13.287731 -40.895430 10.000000
  vertex 12.360680 -38.042261 10.000000
  vertex 15.307337 -36.955181 10.000000
 endloop
endfacet
facet normal 0.000000 0.000000 -1.000000
 outer loop
  vertex 13.287731 -40.895430 10.000000
  vertex 15.307337 -36.955181 10.000000
  vertex 16.455388 -39.726820 10.000000
 endloop
endfacet
facet normal 0.346117 -0.938191 0.000000
 outer loop
  vertex 12.360680 -38.042261 10.000000
  vertex 12.360680 -38.042261 3.000000
  vertex 15.307337 -36.955181 3.000000
 endloop
endfacet
facet normal 0.346117 -0.938191 0.000000
 outer loop
  vertex 12.360680 -38.042261 10.000000
  vertex 15.307337 -36.955181 3.000000
  vertex 15.307337 -36.955181 10.000000
 endloop
endfacet
facet normal 0.000000 0.000000 -1.000000
 outer loop
  vertex 12.360680 -38.042261 3.000000
  vertex 0.000000 0.000000 3.000000
  vertex 15.307337 -36.955181 3.000000
 endloop
endfacet
facet normal 0.000000 0.000000 1.000000
 outer loop
  vertex 0.000000 0.000000 0.000000
  vertex 16.455388 -39.726820 0.000000
  vertex 19.521591 -38.313281 0.000000
 endloop
endfacet
facet normal -0.418660 0.908143 0.000000
 outer loop
  vertex 16.455388 -39.726820 0.000000
  vertex 16.455388 -39.726820 10.000000
  vertex 19.521591 -38.313281 10.000000
 endloop
endfacet
facet normal -0.418660 0.908143 0.000000
 outer loop
  vertex 16.455388 -39.726820 0.000000
  vertex 19.521591 -38.313281 10.000000
  vertex 19.521591 -38.313281 0.000000
 endloop
endfacet
facet normal 0.000000 0.000000 -1.000000
 outer loop
  vertex 16.455388 -39.726820 10.000000
  vertex 15.307337 -36.955181 10.000000
  vertex 18.159620 -35.640261 10.000000
 endloop
endfacet
facet normal 0.000000 0.000000 -1.000000
 outer loop
  vertex 16.455388 -39.726820 10.000000
  vertex 18.159620 -35.640261 10.000000
  vertex 19.521591 -38.313281 10.000000
 endloop
endfacet
facet normal 0.418660 -0.908143 0.000000
 outer loop
  vertex 15.307337 -36.955181 10.000000
  vertex 15.307337 -36.955181 3.000000
  vertex 18.159620 -35.640261 3.000000
 endloop
endfacet
facet normal 0.418660 -0.908143 0.000000
 outer loop
  vertex 15.307337 -36.955181 10.000000
  vertex 18.159620 -35.640261 3.000000
  vertex 18.159620 -35.640261 10.000000
 endloop
endfacet
facet normal 0.000000 0.000000 -1.000000
 outer loop
  vertex 15.307337 -36.955181 3.000000
  vertex 0.000000 0.000000 3.000000
  vertex 18.159620 -35.640261 3.000000
 endloop
endfacet
facet normal 0.000000 0.000000 1.000000
 outer loop
  vertex 0.000000 0.000000 0.000000
  vertex 19.521591 -38.313281 0.000000
  vertex 22.467438 -36.663527 0.000000
 endloop
endfacet
facet normal -0.488621 0.872496 0.000000
 outer loop
  vertex 19.521591 -38.313281 0.000000
  vertex 19.521591 -38.313281 10.000000
  vertex 22.467438 -36.663527 10.000000
 endloop
endfacet
facet normal -0.488621 0.872496 0.000000
 outer loop
  vertex 19.521591 -38.313281 0.000000
  vertex 22.467438 -36.663527 10.000000
  vertex 22.467438 -36.663527 0.000000
 endloop
endfacet
facet normal 0.000000 0.000000 -1.000000
 outer loop
  vertex 19.521591 -38.313281 10.000000
  vertex 18.159620 -35.640261 10.000000
  vertex 20.899943 -34.105607 10.000000
 endloop
endfacet
facet normal 0.000000 0.000000 -1.000000
 outer loop
  vertex 19.521591 -38.313281 10.000000
  vertex 20.899943 -34.105607 10.000000
  vertex 22.467438 -36.663527 10.000000
 endloop
endfacet
facet normal 0.488621 -0.872496 0.000000
 outer loop
  vertex 18.159620 -35.640261 10.000000
  vertex 18.159620 -35.640261 3.000000
  vertex 20.899943 -34.105607 3.000000
 endloop
endfacet
facet normal 0.488621 -0.872496 0.000000
 outer loop
  vertex 18.159620 -35.640261 10.000000
  vertex 20.899943 -34.105607 3.000000
  vertex 20.899943 -34.105607 10.000000
 endloop
endfacet
facet normal 0.000000 0.000000 -1.000000
 outer loop
  vertex 18.159620 -35.640261 3.000000
  vertex 0.000000 0.000000 3.000000
  vertex 20.899943 -34.105607 3.000000
 endloop
endfacet
facet normal 0.000000 0.000000 1.000000
 outer loop
  vertex 0.000000 0.000000 0.000000
  vertex 22.467438 -36.663527 0.000000
  vertex 25.274766 -34.787731 0.000000
 endloop
endfacet
facet normal -0.555570 0.831470 0.000000
 outer loop
  vertex 22.467438 -36.663527 0.000000
  vertex 22.467438 -36.663527 10.000000
  vertex 25.274766 -34.787731 10.000000
 endloop
endfacet
facet normal -0.555570 0.831470 0.000000
 outer loop
  vertex 22.467438 -36.663527 0.000000
  vertex 25.274766 -34.787731 10.000000
  vertex 25.274766 -34.787731 0.000000
 endloop
endfacet
facet normal 0.000000 0.000000 -1.000000
 outer loop
  vertex 22.467438 -36.663527 10.000000
  vertex 20.899943 -34.105607 10.000000
  vertex 23.511410 -32.360680 10.000000
 endloop
endfacet
facet normal 0.000000 0.000000 -1.000000
 outer loop
  vertex 22.467438 -36.663527 10.000000
  vertex 23.511410 -32.360680 10.000000
  vertex 25.274766 -34.787731 10.000000
 endloop
endfacet
facet normal 0.555570 -0.831470 0.000000
 outer loop
  vertex 20.899943 -34.105607 10.000000
  vertex 20.899943 -34.105607 3.000000
  vertex 23.511410 -32.360680 3.000000
 endloop
endfacet
facet normal 0.555570 -0.831470 0.000000
 outer loop
  vertex 20.899943 -34.105607 10.000000
  vertex 23.511410 -32.360680 3.000000
  vertex 23.511410 -32.360680 10.000000
 endloop
endfacet
facet normal 0.000000 0.000000 -1.000000
 outer loop
  vertex 20.899943 -34.105607 3.000000
  vertex 0.000000 0.000000 3.000000
  vertex 23.511410 -32.360680 3.000000
 endloop
endfacet
facet normal 0.000000 0.000000 1.000000
 outer loop
  vertex 0.000000 0.000000 0.000000
  vertex 25.274766 -34.787731 0.000000
  vertex 27.926266 -32.697457 0.000000
 endloop
endfacet
facet normal -0.619094 0.785317 0.000000
 outer loop
  vertex 25.274766 -34.787731 0.000000
  vertex 25.274766 -34.787731 10.000000
  vertex 27.926266 -32.697457 10.000000
 endloop
endfacet
facet normal -0.619094 0.785317 0.000000
 outer loop
  vertex 25.274766 -34.787731 0.000000
  vertex 27.926266 -32.697457 10.000000
  vertex 27.926266 -32.697457 0.000000
 endloop
endfacet
facet normal 0.000000 0.000000 -1.000000
 outer loop
  vertex 25.274766 -34.787731 10.000000
  vertex 23.511410 -32.360680 10.000000
  vertex 25.977922 -30.416239 10.000000
 endloop
endfacet
facet normal 0.000000 0.000000 -1.000000
 outer loop
  vertex 25.274766 -34.787731 10.000000
  vertex 25.977922 -30.416239 10.000000
  vertex 27.926266 -32.697457 10.000000
 endloop
endfacet
facet normal 0.619094 -0.785317 0.000000
 outer loop
  vertex 23.511410 -32.360680 10.000000
  vertex 23.511410 -32.360680 3.000000
  vertex 25.977922 -30.416239 3.000000
 endloop
endfacet
facet normal 0.619094 -0.785317 0.000000
 outer loop
  vertex 23.511410 -32.360680 10.000000
  vertex 25.977922 -30.416239 3.000000
  vertex 25.977922 -30.416239 10.000000
 endloop
endfacet
facet normal 0.000000 0.000000 -1.000000
 outer loop
  vertex 23.511410 -32.360680 3.000000
  vertex 0.000000 0.000000 3.000000
  vertex 25.977922 -30.416239 3.000000
 endloop
endfacet
facet normal 0.000000 0.000000 1.000000
 outer loop
  vertex 0.000000 0.000000 0.000000
  vertex 27.926266 -32.697457 0.000000
  vertex 30.405592 -30.405592 0.000000
 endloop
endfacet
facet normal -0.678801 0.734323 0.000000
 outer loop
  vertex 27.926266 -32.697457 0.000000
  vertex 27.926266 -32.697457 10.000000
  vertex 30.405592 -30.405592 10.000000
 endloop
endfacet
facet normal -0.678801 0.734323 0.000000
 outer loop
  vertex 27.926266 -32.697457 0.000000
  vertex 30.405592 -30.405592 10.000000
  vertex 30.405592 -30.405592 0.000000
 endloop
endfacet
facet normal 0.000000 0.000000 -1.000000
 outer loop
  vertex 27.926266 -32.697457 10.000000
  vertex 25.977922 -30.416239 10.000000
  vertex 28.284271 -28.284271 10.000000
 endloop
endfacet
facet normal 0.000000 0.000000 -1.000000
 outer loop
  vertex 27.926266 -32.697457 10.000000
  vertex 28.284271 -28.284271 10.000000
  vertex 30.405592 -30.405592 10.000000
 endloop
endfacet
facet normal 0.678801 -0.734323 0.000000
 outer loop
  vertex 25.977922 -30.416239 10.000000
  vertex 25.977922 -30.416239 3.000000
  vertex 28.284271 -28.284271 3.000000
 endloop
endfacet
facet normal 0.678801 -0.734323 0.000000
 outer loop
  vertex 25.977922 -30.416239 10.000000
  vertex 28.284271 -28.284271 3.000000
  vertex 28.284271 -28.284271 10.000000
 endloop
endfacet
facet normal 0.000000 0.000000 -1.000000
 outer loop
  vertex 25.977922 -30.416239 3.000000
  vertex 0.000000 0.000000 3.000000
  vertex 28.284271 -28.284271 3.000000
 endloop
endfacet
facet normal 0.000000 0.000000 1.000000
 outer loop
  vertex 0.000000 0.000000 0.000000
  vertex 30.405592 -30.405592 0.000000
  vertex 32.697457 -27.926266 0.000000
 endloop
endfacet
facet normal -0.734323 0.678801 0.000000
 outer loop
  vertex 30.405592 -30.405592 0.000000
  vertex 30.405592 -30.405592 10.000000
  vertex 32.697457 -27.926266 10.000000
 endloop
endfacet
facet normal -0.734323 0.678801 0.000000
 outer loop
  vertex 30.405592 -30.405592 0.000000
  vertex 32.697457 -27.926266 10.000000
  vertex 32.697457 -27.926266 0.000000
 endloop
endfacet
facet normal 0.000000 0.000000 -1.000000
 outer loop
  vertex 30.405592 -30.405592 10.000000
  vertex 28.284271 -28.284271 10.000000
  vertex 30.416239 -25.977922 10.000000
 endloop
endfacet
facet normal 0.000000 0.000000 -1.000000
 outer loop
  vertex 30.405592 -30.405592 10.000000
  vertex 30.416239 -25.977922 10.000000
  vertex 32.697457 -27.926266 10.000000
 endloop
endfacet
facet normal 0.734323 -0.678801 0.000000
 outer loop
  vertex 28.284271 -28.284271 10.000000
  vertex 28.284271 -28.284271 3.000000
  vertex 30.416239 -25.977922 3.000000
 endloop
endfacet
facet normal 0.734323 -0.678801 0.000000
 outer loop
  vertex 28.284271 -28.284271 10.000000
  vertex 30.416239 -25.977922 3.000000
  vertex 30.416239 -25.977922 10.000000
 endloop
endfacet
facet normal 0.000000 0.000000 -1.000000
 outer loop
  vertex 28.284271 -28.284271 3.000000
  vertex 0.000000 0.000000 3.000000
  vertex 30.416239 -25.977922 3.000000
 endloop
endfacet
facet normal 0.000000 0.000000 1.000000
 outer loop
  vertex 0.000000 0.000000 0.000000
  vertex 32.697457 -27.926266 0.000000
  vertex 34.787731 -25.274766 0.000000
 endloop
endfacet
facet normal -0.785317 0.619094 0.000000
 outer loop
  vertex 32.697457 -27.926266 0.000000
  vertex 32.697457 -27.926266 10.000000
  vertex 34.787731 -25.274766 10.000000
 endloop
endfacet
facet normal -0.785317 0.619094 0.000000
 outer loop
  vertex 32.697457 -27.926266 0.000000
  vertex 34.787731 -25.274766 10.000000
  vertex 34.787731 -25.274766 0.000000
 endloop
endfacet
facet normal 0.000000 0.000000 -1.000000
 outer loop
  vertex 32.697457 -27.926266 10.000000
  vertex 30.416239 -25.977922 10.000000
  vertex 32.360680 -23.511410 10.000000
 endloop
endfacet
facet normal 0.000000 0.000000 -1.000000
 outer loop
  vertex 32.697457 -27.926266 10.000000
  vertex 32.360680 -23.511410 10.000000
  vertex 34.787731 -25.274766 10.000000
 endloop
endfacet
facet normal 0.785317 -0.619094 0.000000
 outer loop
  vertex 30.416239 -25.977922 10.000000
  vertex 30.416239 -25.977922 3.000000
  vertex 32.360680 -23.511410 3.000000
 endloop
endfacet
facet normal 0.785317 -0.619094 0.000000
 outer loop
  vertex 30.416239 -25.977922 10.000000
  vertex 32.360680 -23.511410 3.000000
  vertex 32.360680 -23.511410 10.000000
 endloop
endfacet
facet normal 0.000000 0.000000 -1.000000
 outer loop
  vertex 30.416239 -25.977922 3.000000
  vertex 0.000000 0.000000 3.000000
  vertex 32.360680 -23.511410 3.000000
 endloop
endfacet
facet normal 0.000000 0.000000 1.000000
 outer loop
  vertex 0.000000 0.000000 0.000000
  vertex 34.787731 -25.274766 0.000000
  vertex 36.663527 -22.467438 0.000000
 endloop
endfacet
facet normal -0.831470 0.555570 0.000000
 outer loop
  vertex 34.787731 -25.274766 0.000000
  vertex 34.787731 -25.274766 10.000000
  vertex 36.663527 -22.467438 10.000000
 endloop
endfacet
facet normal -0.831470 0.555570 0.000000
 outer loop
  vertex 34.787731 -25.274766 0.000000
  vertex 36.663527 -22.467438 10.000000
  vertex 36.663527 -22.467438 0.000000
 endloop
endfacet
facet normal 0.000000 0.000000 -1.000000
 outer loop
  vertex 34.787731 -25.274766 10.000000
  vertex 32.360680 -23.511410 10.000000
  vertex 34.105607 -20.899943 10.000000
 endloop
endfacet
facet normal 0.000000 0.000000 -1.000000
 outer loop
  vertex 34.787731 -25.274766 10.000000
  vertex 34.105607 -20.899943 10.000000
  vertex 36.663527 -22.467438 10.000000
 endloop
endfacet
facet normal 0.831470 -0.555570 0.000000
 outer loop
  vertex 32.360680 -23.511410 10.000000
  vertex 32.360680 -23.511410 3.000000
  vertex 34.105607 -20.899943 3.000000
 endloop
endfacet
facet normal 0.831470 -0.555570 0.000000
 outer loop
  vertex 32.360680 -23.511410 10.000000
  vertex 34.105607 -20.899943 3.000000
  vertex 34.105607 -20.899943 10.000000
 endloop
endfacet
facet normal 0.000000 0.000000 -1.000000
 outer loop
  vertex 32.360680 -23.511410 3.000000
  vertex 0.000000 0.000000 3.000000
  vertex 34.105607 -20.899943 3.000000
 endloop
endfacet
facet normal 0.000000 0.000000 1.000000
 outer loop
  vertex 0.000000 0.000000 0.000000
  vertex 36.663527 -22.467438 0.000000
  vertex 38.313281 -19.521591 0.000000
 endloop
endfacet
facet normal -0.872496 0.488621 0.000000
 outer loop
  vertex 36.663527 -22.467438 0.000000
  vertex 36.663527 -22.467438 10.000000
  vertex 38.313281 -19.521591 10.000000
 endloop
endfacet
facet normal -0.872496 0.488621 0.000000
 outer loop
  vertex 36.663527 -22.467438 0.000000
  vertex 38.313281 -19.521591 10.000000
  vertex 38.313281 -19.521591 0.000000
 endloop
endfacet
facet normal 0.000000 0.000000 -1.000000
 outer loop
  vertex 36.663527 -22.467438 10.000000
  vertex 34.105607 -20.899943 10.000000
  vertex 35.640261 -18.159620 10.000000
 endloop
endfacet
facet normal 0.000000 0.000000 -1.000000
 outer loop
  vertex 36.663527 -22.467438 10.000000
  vertex 35.640261 -18.159620 10.000000
  vertex 38.313281 -19.521591 10.000000
 endloop
endfacet
facet normal 0.872496 -0.488621 0.000000
 outer loop
  vertex 34.105607 -20.899943 10.000000
  vertex 34.105607 -20.899943 3.000000
  vertex 35.640261 -18.159620 3.000000
 endloop
endfacet
facet normal 0.872496 -0.488621 0.000000
 outer loop
  vertex 34.105607 -20.899943 10.000000
  vertex 35.640261 -18.159620 3.000000
  vertex 35.640261 -18.159620 10.000000
 endloop
endfacet
facet normal 0.000000 0.000000 -1.000000
 outer loop
  vertex 34.105607 -20.899943 3.000000
  vertex 0.000000 0.000000 3.000000
  vertex 35.640261 -18.159620 3.000000
 endloop
endfacet
facet normal 0.000000 0.000000 1.000000
 outer loop
  vertex 0.000000 0.000000 0.000000
  vertex 38.313281 -19.521591 0.000000
  vertex 39.726820 -16.455388 0.000000
 endloop
endfacet
facet normal -0.908143 0.418660 0.000000
 outer loop
  vertex 38.313281 -19.521591 0.000000
  vertex 38.313281 -19.521591 10.000000
  vertex 39.726820 -16.455388 10.000000
 endloop
endfacet
facet normal -0.908143 0.418660 0.000000
 outer loop
  vertex 38.313281 -19.521591 0.000000
  vertex 39.726820 -16.455388 10.000000
  vertex 39.726820 -16.455388 0.000000
 endloop
endfacet
facet normal 0.000000 0.000000 -1.000000
 outer loop
  vertex 38.313281 -19.521591 10.000000
  vertex 35.640261 -18.159620 10.000000
  vertex 36.955181 -15.307337 10.000000
 endloop
endfacet
facet normal 0.000000 0.000000 -1.000000
 outer loop
  vertex 38.313281 -19.521591 10.000000
  vertex 36.955181 -15.307337 10.000000
  vertex 39.726820 -16.455388 10.000000
 endloop
endfacet
facet normal 0.908143 -0.418660 0.000000
 outer loop
  vertex 35.640261 -18.159620 10.000000
  vertex 35.640261 -18.159620 3.000000
  vertex 36.955181 -15.307337 3.000000
 endloop
endfacet
facet normal 0.908143 -0.418660 0.000000
 outer loop
  vertex 35.640261 -18.159620 10.000000
  vertex 36.955181 -15.307337 3.000000
  vertex 36.955181 -15.307337 10.000000
 endloop
endfacet
facet normal 0.000000 0.000000 -1.000000
 outer loop
  vertex 35.640261 -18.159620 3.000000
  vertex 0.000000 0.000000 3.000000
  vertex 36.955181 -15.307337 3.000000
 endloop
endfacet
facet normal 0.000000 0.000000 1.000000
 outer loop
  vertex 0.000000 0.000000 0.000000
  vertex 39.726820 -16.455388 0.000000
  vertex 40.895430 -13.287731 0.000000
 endloop
endfacet
facet normal -0.938191 0.346117 0.000000
 outer loop
  vertex 39.726820 -16.455388 0.000000
  vertex 39.726820 -16.455388 10.000000
  vertex 40.895430 -13.287731 10.000000
 endloop
endfacet
facet normal -0.938191 0.346117 0.000000
 outer loop
  vertex 39.726820 -16.455388 0.000000
  vertex 40.895430 -13.287731 10.000000
  vertex 40.895430 -13.287731 0.000000
 endloop
endfacet
facet normal 0.000000 0.000000 -1.000000
 outer loop
  vertex 39.726820 -16.455388 10.000000
  vertex 36.955181 -15.307337 10.000000
  vertex 38.042261 -12.360680 10.000000
 endloop
endfacet
facet normal 0.000000 0.000000 -1.000000
 outer loop
  vertex 39.726820 -16.455388 10.000000
  vertex 38.042261 -12.360680 10.000000
  vertex 40.895430 -13.287731 10.000000
 endloop
endfacet
facet normal 0.938191 -0.346117 0.000000
 outer loop
  vertex 36.955181 -15.307337 10.000000
  vertex 36.955181 -15.307337 3.000000
  vertex 38.042261 -12.360680 3.000000
 endloop
endfacet
facet normal 0.938191 -0.346117 0.000000
 outer loop
  vertex 36.955181 -15.307337 10.000000
  vertex 38.042261 -12.360680 3.000000
  vertex 38.042261 -12.360680 10.000000
 endloop
endfacet
facet normal 0.000000 0.000000 -1.000000
 outer loop
  vertex 36.955181 -15.307337 3.000000
  vertex 0.000000 0.000000 3.000000
  vertex 38.042261 -12.360680 3.000000
 endloop
endfacet
facet normal 0.000000 0.000000 1.000000
 outer loop
  vertex 0.000000 0.000000 0.000000
  vertex 40.895430 -13.287731 0.000000
  vertex 41.811907 -10.038151 0.000000
 endloop
endfacet
facet normal -0.962455 0.271440 0.000000
 outer loop
  vertex 40.895430 -13.287731 0.000000
  vertex 40.895430 -13.287731 10.000000
  vertex 41.811907 -10.038151 10.000000
 endloop
endfacet
facet normal -0.962455 0.271440 0.000000
 outer loop
  vertex 40.895430 -13.287731 0.000000
  vertex 41.811907 -10.038151 10.000000
  vertex 41.811907 -10.038151 0.000000
 endloop
endfacet
facet normal 0.000000 0.000000 -1.000000
 outer loop
  vertex 40.895430 -13.287731 10.000000
  vertex 38.042261 -12.360680 10.000000
  vertex 38.894797 -9.337815 10.000000
 endloop
endfacet
facet normal 0.000000 0.000000 -1.000000
 outer loop
  vertex 40.895430 -13.287731 10.000000
  vertex 38.894797 -9.337815 10.000000
  vertex 41.811907 -10.038151 10.000000
 endloop
endfacet
facet normal 0.962455 -0.271440 0.000000
 outer loop
  vertex 38.042261 -12.360680 10.000000
  vertex 38.042261 -12.360680 3.000000
  vertex 38.894797 -9.337815 3.000000
 endloop
endfacet
facet normal 0.962455 -0.271440 0.000000
 outer loop
  vertex 38.042261 -12.360680 10.000000
  vertex 38.894797 -9.337815 3.000000
  vertex 38.894797 -9.337815 10.000000
 endloop
endfacet
facet normal 0.000000 0.000000 -1.000000
 outer loop
  vertex 38.042261 -12.360680 3.000000
  vertex 0.000000 0.000000 3.000000
  vertex 38.894797 -9.337815 3.000000
 endloop
endfacet
facet normal 0.000000 0.000000 1.000000
 outer loop
  vertex 0.000000 0.000000 0.000000
  vertex 41.811907 -10.038151 0.000000
  vertex 42.470599 -6.726682 0.000000
 endloop
endfacet
facet normal -0.980785 0.195090 0.000000
 outer loop
  vertex 41.811907 -10.038151 0.000000
  vertex 41.811907 -10.038151 10.000000
  vertex 42.470599 -6.726682 10.000000
 endloop
endfacet
facet normal -0.980785 0.195090 0.000000
 outer loop
  vertex 41.811907 -10.038151 0.000000
  vertex 42.470599 -6.726682 10.000000
  vertex 42.470599 -6.726682 0.000000
 endloop
endfacet
facet normal 0.000000 0.000000 -1.000000
 outer loop
  vertex 41.811907 -10.038151 10.000000
  vertex 38.894797 -9.337815 10.000000
  vertex 39.507534 -6.257379 10.000000
 endloop
endfacet
facet normal 0.000000 0.000000 -1.000000
 outer loop
  vertex 41.811907 -10.038151 10.000000
  vertex 39.507534 -6.257379 10.000000
  vertex 42.470599 -6.726682 10.000000
 endloop
endfacet
facet normal 0.980785 -0.195090 0.000000
 outer loop
  vertex 38.894797 -9.337815 10.000000
  vertex 38.894797 -9.337815 3.000000
  vertex 39.507534 -6.257379 3.000000
 endloop
endfacet
facet normal 0.980785 -0.195090 0.000000
 outer loop
  vertex 38.894797 -9.337815 10.000000
  vertex 39.507534 -6.257379 3.000000
  vertex 39.507534 -6.257379 10.000000
 endloop
endfacet
facet normal 0.000000 0.000000 -1.000000
 outer loop
  vertex 38.894797 -9.337815 3.000000
  vertex 0.000000 0.000000 3.000000
  vertex 39.507534 -6.257379 3.000000
 endloop
endfacet
facet normal 0.000000 0.000000 1.000000
 outer loop
  vertex 0.000000 0.000000 0.000000
  vertex 42.470599 -6.726682 0.000000
  vertex 42.867445 -3.373741 0.000000
 endloop
endfacet
facet normal -0.993068 0.117537 0.000000
 outer loop
  vertex 42.470599 -6.726682 0.000000
  vertex 42.470599 -6.726682 10.000000
  vertex 42.867445 -3.373741 10.000000
 endloop
endfacet
facet normal -0.993068 0.117537 0.000000
 outer loop
  vertex 42.470599 -6.726682 0.000000
  vertex 42.867445 -3.373741 10.000000
  vertex 42.867445 -3.373741 0.000000
 endloop
endfacet
facet normal 0.000000 0.000000 -1.000000
 outer loop
  vertex 42.470599 -6.726682 10.000000
  vertex 39.507534 -6.257379 10.000000
  vertex 39.876693 -3.138364 10.000000
 endloop
endfacet
facet normal 0.000000 0.000000 -1.000000
 outer loop
  vertex 42.470599 -6.726682 10.000000
  vertex 39.876693 -3.138364 10.000000
  vertex 42.867445 -3.373741 10.000000
 endloop
endfacet
facet normal 0.993068 -0.117537 0.000000
 outer loop
  vertex 39.507534 -6.257379 10.000000
  vertex 39.507534 -6.257379 3.000000
  vertex 39.876693 -3.138364 3.000000
 endloop
endfacet
facet normal 0.993068 -0.117537 0.000000
 outer loop
  vertex 39.507534 -6.257379 10.000000
  vertex 39.876693 -3.138364 3.000000
  vertex 39.876693 -3.138364 10.000000
 endloop
endfacet
facet normal 0.000000 0.000000 -1.000000
 outer loop
  vertex 39.507534 -6.257379 3.000000
  vertex 0.000000 0.000000 3.000000
  vertex 39.876693 -3.138364 3.000000
 endloop
endfacet
facet normal 0.000000 0.000000 1.000000
 outer loop
  vertex 0.000000 0.000000 0.000000
  vertex 42.867445 -3.373741 0.000000
  vertex 43.000000 -0.000000 0.000000
 endloop
endfacet
facet normal -0.999229 0.039260 0.000000
 outer loop
  vertex 42.867445 -3.373741 0.000000
  vertex 42.867445 -3.373741 10.000000
  vertex 43.000000 -0.000000 10.000000
 endloop
endfacet
facet normal -0.999229 0.039260 0.000000
 outer loop
  vertex 42.867445 -3.373741 0.000000
  vertex 43.000000 -0.000000 10.000000
  vertex 43.000000 -0.000000 0.000000
 endloop
endfacet
facet normal 0.000000 0.000000 -1.000000
 outer loop
  vertex 42.867445 -3.373741 10.000000
  vertex 39.876693 -3.138364 10.000000
  vertex 40.000000 -0.000000 10.000000
 endloop
endfacet
facet normal 0.000000 0.000000 -1.000000
 outer loop
  vertex 42.867445 -3.373741 10.000000
  vertex 40.000000 -0.000000 10.000000
  vertex 43.000000 -0.000000 10.000000
 endloop
endfacet
facet normal 0.999229 -0.039260 0.000000
 outer loop
  vertex 39.876693 -3.138364 10.000000
  vertex 39.876693 -3.138364 3.000000
  vertex 40.000000 -0.000000 3.000000
 endloop
endfacet
facet normal 0.999229 -0.039260 0.000000
 outer loop
  vertex 39.876693 -3.138364 10.000000
  vertex 40.000000 -0.000000 3.000000
  vertex 40.000000 -0.000000 10.000000
 endloop
endfacet
facet normal 0.000000 0.000000 -1.000000
 outer loop
  vertex 39.876693 -3.138364 3.000000
  vertex 0.000000 0.000000 3.000000
  vertex 40.000000 -0.000000 3.000000
 endloop
endfacet
endsolid cap_concept
